u_current,v_current,u_wind,v_wind,windage,sst,duration_hours,observed_area_km2,aspect_ratio,oil_density,oil_viscosity,dx_residual_meters,dy_residual_meters,uncertainty_scale
-0.2258,0.5895,-3.829,1.544,0.0325,28.52,36.98,14.81,3.55,879.0,21.2,-4642.15,6229.27,1.309
0.8113,0.4762,-0.956,11.984,0.0317,14.3,54.27,16.8,1.65,835.3,15.6,16421.49,37418.45,2.065
0.4176,0.1324,12.764,-13.497,0.0285,17.36,41.39,55.28,2.21,854.7,110.7,15982.73,-46921.03,2.228
0.1776,0.8209,-5.76,-13.328,0.0371,25.79,7.83,5.07,3.32,943.5,174.1,-5649.8,-3501.76,1.152
-0.6192,-0.5391,13.307,2.045,0.0345,20.76,14.99,36.77,2.69,870.5,93.0,10900.6,-4188.4,1.422
-0.6192,-0.7033,-14.827,16.07,0.0423,31.68,17.35,41.06,3.58,906.9,14.0,-2581.29,17520.85,1.6
-0.7954,0.6371,9.965,-3.06,0.0256,25.98,20.05,30.58,4.36,913.2,43.7,8897.99,-6310.54,1.342
0.6591,-0.1095,12.512,-6.23,0.0379,31.22,41.58,41.81,1.41,929.5,47.8,14948.49,-22873.8,1.946
0.182,0.6245,-11.455,3.841,0.0403,17.63,37.28,10.78,3.48,845.6,64.1,-19214.56,21969.91,1.689
0.3745,0.7076,-2.508,15.496,0.0402,29.55,16.22,51.23,1.81,862.7,12.6,4318.19,11274.95,1.387
-0.8629,-0.7876,-12.042,12.129,0.0427,19.78,6.73,8.83,2.45,882.8,163.4,-1144.8,7748.19,1.127
0.8458,0.6902,7.438,17.837,0.0396,31.81,14.0,24.35,1.12,871.1,95.2,11225.84,8129.33,1.499
0.5984,-0.093,1.273,-17.188,0.0436,16.84,70.91,4.98,1.48,957.6,122.4,-44787.46,-73063.53,3.042
-0.5178,0.0188,4.872,-13.937,0.0317,23.29,34.8,32.94,2.12,936.9,16.8,-4216.66,-27634.07,1.98
-0.5727,0.2279,-10.926,3.941,0.0351,28.27,62.71,40.35,2.2,887.2,14.5,-22262.34,25150.13,2.179
-0.5699,0.7675,-10.377,11.541,0.0253,21.79,61.41,56.5,4.15,943.1,107.6,-19339.57,53129.47,2.546
-0.3524,-0.8656,-16.506,-7.731,0.0251,22.43,37.81,44.49,3.6,868.7,160.3,-41607.12,-3519.94,2.225
0.0446,-0.0417,-6.406,-9.388,0.0298,31.75,51.47,32.7,4.4,930.0,97.5,-25144.69,-13632.39,2.028
-0.1225,0.3379,2.151,10.331,0.027,21.66,15.49,55.99,3.1,851.3,158.6,6252.06,7948.05,1.292
-0.3758,0.4009,12.886,-15.97,0.0302,24.87,50.19,28.97,1.85,928.1,146.9,13573.99,-58449.05,2.661
0.2013,0.3466,6.009,-4.702,0.0285,14.98,21.07,33.89,2.15,883.9,18.3,4692.91,-7390.65,1.355
-0.6489,-0.658,-2.326,0.209,0.0256,29.16,60.24,35.97,2.12,835.0,40.3,-6709.72,6522.08,1.231
-0.3741,-0.3611,16.312,2.173,0.0432,25.67,7.86,24.89,2.14,858.3,120.1,7649.57,-4307.35,1.194
-0.2405,-0.2543,7.893,8.23,0.0252,21.27,56.12,50.39,3.36,876.3,82.6,34456.39,15909.23,2.124
-0.0791,0.548,15.486,-5.226,0.0397,14.29,9.0,11.52,2.86,924.9,55.9,5367.88,-7892.23,1.244
0.5133,-0.3982,0.993,4.057,0.028,24.65,63.68,33.51,2.35,830.2,78.3,7669.04,11726.66,1.385
-0.5406,-0.5207,-8.679,3.074,0.0432,14.23,23.29,43.47,1.52,912.3,82.9,-8127.49,13034.7,1.359
0.0256,0.8234,-16.098,1.714,0.0429,14.02,47.81,54.29,1.08,920.2,164.3,-45552.99,39969.89,2.251
0.1663,-0.884,8.139,5.057,0.0381,25.09,36.13,53.09,1.77,911.5,23.1,18165.79,103.88,1.426
-0.8164,0.8961,-13.633,-8.66,0.0384,17.4,27.64,30.77,1.38,926.5,54.0,-28218.72,-944.19,1.7
0.1936,0.3183,-7.1,-14.953,0.0251,17.45,47.18,38.77,3.75,844.9,99.1,-35673.99,-32030.16,2.275
-0.5931,0.5912,1.169,-13.706,0.0447,25.76,68.33,23.96,1.39,902.2,127.2,-29310.2,-48735.06,2.509
-0.7829,-0.3697,2.319,-9.915,0.0426,14.97,4.89,28.36,3.53,951.8,115.4,-1561.89,-3336.99,1.112
0.808,-0.8742,3.621,0.007,0.0429,19.64,66.32,54.42,2.35,905.5,169.8,9876.55,-10172.7,1.361
0.8381,0.4282,-12.015,12.256,0.0382,16.69,44.64,55.88,1.26,905.6,144.2,-10769.19,53045.33,2.301
0.5551,0.6015,-4.329,7.247,0.0319,24.44,58.51,53.78,3.84,923.1,102.5,-305.1,29137.72,1.762
-0.3517,0.4329,4.219,10.405,0.0429,25.91,28.87,8.73,3.03,866.6,42.6,17061.94,8612.1,1.586
-0.7242,-0.6429,16.913,-5.365,0.0308,26.98,35.03,51.08,1.83,918.1,83.9,21820.99,-22253.17,1.972
0.3316,0.4562,8.195,-3.432,0.0363,18.59,62.82,56.93,4.13,948.3,126.3,22063.6,-29416.0,1.813
-0.1077,0.4841,15.214,-3.827,0.027,15.61,31.04,21.99,1.16,821.5,151.6,24286.3,-21035.26,1.873
-0.6803,0.2854,9.44,-11.093,0.0434,15.42,39.43,31.36,1.71,941.8,173.0,5324.26,-42623.58,1.914
-0.0087,0.479,3.302,-15.796,0.0278,21.67,3.41,46.86,3.63,850.6,111.0,-545.19,-3408.3,1.18
-0.8381,0.6227,-11.087,3.273,0.0295,31.03,13.1,33.94,3.48,883.8,97.2,-5972.8,4054.86,1.281
0.7368,0.2045,6.001,17.612,0.0362,17.92,46.92,59.61,2.01,939.3,8.1,40512.98,33714.02,2.494
-0.4342,-0.7405,4.442,-11.994,0.0403,18.62,52.19,27.61,1.22,935.3,17.6,-9863.43,-40724.78,2.165
0.2925,-0.0223,3.689,-16.319,0.0374,15.82,42.78,42.98,4.0,944.9,32.3,-14210.9,-44208.51,2.199
-0.3389,-0.7602,-0.368,10.063,0.0296,24.9,12.03,47.66,2.1,951.7,14.6,2557.43,4880.5,1.208
0.0361,-0.1664,1.032,-8.907,0.025,26.24,33.18,29.9,1.68,882.6,75.2,-2537.98,-14825.1,1.56
0.0841,-0.1672,-5.96,11.867,0.0401,25.57,26.86,51.49,2.81,911.9,64.0,3727.42,19246.77,1.6
-0.5673,-0.7812,0.695,7.342,0.0447,29.5,36.7,33.0,4.19,874.7,116.5,9553.0,11236.56,1.415
0.8453,-0.2721,-10.888,16.044,0.0412,22.76,62.92,24.99,1.15,869.1,98.7,696.78,76147.15,3.063
0.4952,-0.7002,10.986,-3.279,0.0342,16.42,56.31,6.92,3.68,880.4,109.3,29930.06,-30095.89,1.97
0.7911,0.5548,-11.312,5.831,0.0431,19.21,7.88,23.91,3.0,924.0,87.6,-3599.53,5717.61,1.233
0.7107,0.8058,-14.941,-1.265,0.0332,25.92,64.32,44.17,2.49,890.2,53.6,-47742.56,19886.32,2.674
0.1762,-0.7698,-2.295,4.701,0.0355,25.04,35.02,55.32,3.6,934.0,171.7,3074.09,9869.89,1.365
0.7594,0.8192,5.699,-1.814,0.0345,23.56,54.07,15.47,4.38,924.3,20.1,11611.31,-13408.83,1.597
-0.7407,0.0406,-2.242,-11.209,0.034,26.29,11.8,21.64,1.8,822.9,169.3,-4578.23,-5637.24,1.221
-0.5472,-0.3608,-8.037,0.284,0.0405,25.47,48.95,9.66,1.5,908.2,59.5,-17581.49,10947.83,1.651
-0.8186,-0.7616,2.094,1.029,0.0355,29.86,18.54,41.6,4.2,881.1,94.7,1715.91,-278.07,1.011
-0.3144,0.0011,-5.508,11.182,0.0313,24.55,32.69,57.63,3.34,883.9,24.0,273.94,20905.12,1.766
-0.2004,0.5301,15.583,8.479,0.0302,28.01,3.18,38.64,2.53,934.6,17.4,2650.29,296.54,1.07
-0.4116,0.3728,15.215,5.896,0.0258,18.48,12.61,37.22,3.01,896.7,80.2,11585.95,-984.43,1.36
0.5917,-0.8096,0.085,-13.918,0.0367,26.21,8.45,33.43,3.61,944.0,134.8,-3887.41,-5864.44,1.209
-0.2578,-0.7688,-6.196,7.942,0.0296,30.24,18.78,5.76,3.71,919.8,52.1,-1400.52,8859.11,1.248
-0.3943,-0.1748,8.537,0.011,0.028,20.94,9.0,43.91,4.22,897.4,103.4,3866.89,-2708.81,1.041
0.0769,-0.3685,-16.678,14.188,0.0381,28.02,50.43,36.32,2.49,925.6,53.8,-18025.91,54015.28,2.841
-0.6463,-0.4817,-0.908,15.115,0.0386,27.05,4.03,39.86,2.03,825.4,73.0,1667.67,2890.98,1.079
0.544,-0.3942,-5.892,-16.014,0.04,15.07,45.24,53.98,3.24,823.8,163.6,-44990.54,-33348.97,2.282
-0.7658,0.5463,15.139,11.543,0.0351,24.47,11.85,47.15,2.46,831.7,154.8,14168.79,1990.64,1.429
0.8764,0.7726,-17.568,-16.643,0.0429,16.34,68.16,46.96,3.08,881.3,95.3,-114971.59,-16621.59,3.5
0.49,-0.1708,1.901,-4.782,0.0437,31.41,67.32,55.67,2.47,853.0,46.7,-3788.1,-17298.45,1.615
-0.5423,0.731,8.664,1.523,0.0411,28.61,17.79,59.4,1.54,957.8,38.8,7687.56,-4320.36,1.283
-0.8901,-0.3213,-0.539,-12.668,0.0377,15.98,45.01,35.09,2.64,895.9,172.0,-21761.81,-33516.55,1.935
0.5678,-0.0424,-14.925,8.867,0.0311,16.19,3.96,6.98,3.42,912.7,40.5,-2738.39,3216.61,1.065
0.3723,-0.4931,17.009,-17.699,0.0447,24.7,67.23,27.82,3.8,859.0,146.4,14800.47,-105491.64,3.5
0.4122,0.2529,0.648,-11.93,0.0305,20.21,38.61,47.36,2.73,865.1,69.6,-9020.15,-23938.72,1.773
0.4883,0.8622,4.111,2.909,0.0291,14.63,5.03,2.15,1.58,867.0,177.5,1626.94,324.93,1.088
-0.7667,0.1863,-9.482,7.718,0.0338,23.75,25.97,3.88,2.45,917.8,69.4,-6280.31,16019.09,1.522
-0.2548,-0.2559,-0.594,14.999,0.0261,20.98,7.38,4.5,3.75,886.3,66.5,2506.26,5622.97,1.17
-0.6914,0.2661,-2.551,7.398,0.0446,15.82,29.51,44.0,2.45,892.5,116.6,4214.06,15875.41,1.373
0.6536,-0.6787,-15.304,6.184,0.0368,28.43,48.89,30.32,3.44,902.9,173.3,-26385.04,37403.5,2.299
0.2219,0.6996,-14.178,-3.804,0.0361,30.47,34.89,22.45,2.78,927.6,175.8,-26957.59,6440.01,1.926
-0.3044,0.0056,12.149,-17.954,0.0381,27.62,28.86,6.78,1.84,832.7,128.8,2016.0,-37256.17,2.1
-0.7856,-0.0912,-9.366,-13.674,0.0349,28.8,10.34,44.07,3.79,928.8,137.1,-9255.53,-3256.44,1.225
-0.3402,0.1546,-10.982,1.244,0.0256,17.9,19.15,19.6,1.29,898.9,103.6,-10777.68,5445.84,1.393
-0.3147,0.2246,0.177,6.305,0.0372,18.74,9.01,16.29,2.84,913.7,137.3,2265.8,3255.35,1.002
0.4133,-0.7708,9.675,-2.972,0.0393,17.75,58.52,39.31,1.73,865.9,155.5,27783.4,-29397.71,2.036
0.2476,0.3287,-15.77,8.304,0.0333,27.77,11.47,33.76,1.23,877.3,90.1,-6255.28,9075.51,1.306
0.697,-0.4645,2.765,0.787,0.0401,31.06,43.68,22.06,2.76,852.4,113.5,4878.63,-2702.63,1.227
-0.05,0.3851,-13.708,-15.33,0.0295,26.9,25.99,38.67,2.75,957.1,99.0,-26923.51,-12336.07,1.794
-0.6847,0.5806,-16.687,-11.087,0.0294,29.87,17.82,16.64,3.47,889.6,103.4,-18246.96,-3608.67,1.535
0.3838,0.5471,-16.101,12.24,0.0282,25.5,46.76,47.79,3.61,959.5,160.8,-27456.45,48520.51,2.6
0.4694,0.0945,12.03,8.097,0.0324,20.98,33.99,14.14,3.55,888.6,67.2,29826.38,4460.92,1.786
0.1103,0.0363,-13.753,14.211,0.0419,21.66,30.01,9.95,2.43,850.8,41.4,-5004.95,34858.68,1.947
0.4877,-0.6428,-16.375,-13.768,0.0416,15.36,43.5,47.06,3.21,891.0,84.8,-64527.67,-7453.67,2.621
-0.0112,0.4956,-2.236,17.648,0.0327,14.57,36.39,42.62,3.02,825.5,41.4,14155.87,39688.57,2.189
0.0409,-0.4115,12.384,-10.461,0.0368,26.52,23.24,11.37,2.48,946.7,92.2,5530.84,-20289.9,1.675
-0.1304,-0.0059,-8.553,-17.576,0.0394,21.89,41.13,7.42,3.09,934.6,163.1,-44306.36,-27360.44,2.285
-0.8542,-0.3883,-2.818,17.907,0.0298,23.94,48.86,50.38,4.32,921.6,113.1,16156.19,48850.45,2.565
-0.7058,-0.6591,-16.563,-7.881,0.0284,24.04,3.87,46.71,1.68,905.4,154.7,-4382.6,-208.45,1.04
-0.8434,0.2332,-1.833,6.049,0.0444,18.99,34.61,19.97,4.17,901.2,34.1,4635.26,12556.9,1.349
0.2455,-0.8022,2.794,-11.639,0.0374,22.57,6.04,39.66,1.19,959.5,162.7,-1250.98,-3697.82,1.123
-0.3342,0.4476,2.553,2.888,0.0446,22.47,15.05,7.89,2.08,858.9,110.3,4472.68,968.48,1.193
0.0154,-0.3283,-6.033,14.545,0.0318,20.99,41.24,30.67,2.01,929.2,10.6,3004.77,37002.18,2.128
0.7336,-0.8998,-6.641,-6.473,0.0391,28.77,62.63,1.61,3.19,901.4,115.8,-30593.96,-7178.7,1.945
-0.4513,0.02,-14.162,6.129,0.0295,22.12,63.8,23.8,1.46,956.6,171.5,-40145.15,47135.11,2.593
-0.1613,-0.8157,-4.795,-11.235,0.0302,24.87,6.9,4.95,4.09,935.9,18.9,-3816.3,-2560.96,1.191
0.46,-0.4029,-14.418,4.493,0.0352,30.12,31.34,28.77,3.9,959.8,106.9,-17985.43,16707.6,1.762
-0.4882,0.3726,9.597,-5.888,0.0314,29.59,42.81,25.59,3.28,902.4,165.2,12737.37,-21634.37,1.814
-0.7614,-0.7872,16.786,-10.397,0.0284,30.03,12.29,26.94,2.6,848.6,6.7,6691.6,-9393.71,1.336
-0.3784,0.6108,16.923,-6.725,0.0303,18.86,55.58,3.2,4.27,890.5,115.4,42772.14,-48677.57,2.715
-0.6098,-0.8931,13.143,-11.562,0.0257,14.63,54.1,22.02,3.91,919.6,88.1,26718.61,-54595.01,2.603
0.7735,-0.4557,3.629,14.469,0.0391,18.7,65.23,45.51,2.75,928.4,65.7,44062.24,43026.71,2.56
0.5546,0.4336,7.231,-3.701,0.0348,19.02,2.59,22.45,3.46,820.1,114.8,677.48,-1070.75,1.087
0.2401,-0.3307,-7.733,-9.17,0.0269,30.37,17.17,43.05,2.98,890.7,14.2,-7131.09,-4142.47,1.371
0.6686,-0.7166,4.708,-1.857,0.0284,25.69,59.9,22.48,3.06,852.9,136.8,10795.81,-12293.64,1.542
0.5466,-0.2516,-1.597,-6.461,0.0271,15.47,48.94,25.68,2.16,942.5,5.8,-12379.1,-12104.4,1.524
-0.5642,-0.4133,-0.647,8.799,0.0373,16.44,64.61,34.05,2.62,841.4,58.7,16799.72,30571.95,1.959
0.7066,0.6169,9.28,16.964,0.0269,16.8,6.0,57.07,1.27,913.3,93.2,6392.67,4855.72,1.197
0.0708,-0.336,-7.851,-2.231,0.0401,25.35,43.79,6.98,2.25,857.2,71.0,-19315.1,6195.28,1.588
0.5534,0.5201,-6.551,12.997,0.0254,27.24,41.83,2.46,3.44,869.9,58.8,-3647.1,29453.49,2.023
0.713,0.7054,15.287,2.371,0.03,29.47,4.5,36.67,4.34,951.7,150.4,3401.43,-1092.18,1.179
-0.3276,-0.1191,-15.976,-12.34,0.0428,30.93,37.95,56.97,4.37,853.7,168.6,-43682.8,-3483.36,2.33
-0.7019,0.7379,-0.517,6.862,0.0394,17.63,44.67,59.39,2.95,833.3,157.9,10913.77,17459.07,1.453
-0.4897,-0.2208,14.861,0.484,0.0265,19.58,15.39,29.31,3.12,829.7,96.4,13387.03,-4938.69,1.431
-0.1312,0.8353,3.973,5.422,0.0414,18.33,21.13,28.35,1.65,890.6,159.7,8405.74,1973.09,1.296
0.5724,-0.7393,1.671,14.029,0.0349,20.46,46.82,38.88,3.43,909.8,166.2,24490.28,35262.31,2.095
0.6493,0.3366,-9.009,-2.144,0.0419,30.46,34.78,33.56,1.25,865.8,76.6,-15586.83,5246.97,1.562
-0.8875,-0.0111,-5.642,14.442,0.037,24.35,62.06,38.23,2.0,916.6,54.6,9785.41,51324.09,2.628
0.0193,-0.2022,12.674,9.024,0.0386,27.29,25.97,52.5,3.34,828.5,22.2,19805.55,388.04,1.631
-0.1487,0.2389,2.132,-0.41,0.0449,22.82,20.67,44.91,2.09,940.0,88.8,1265.98,-531.06,1.056
-0.5002,0.3669,0.531,3.716,0.0296,14.52,70.94,30.06,1.17,934.3,170.6,9345.03,11746.5,1.481
-0.6842,-0.8921,-14.415,-6.279,0.0375,15.16,65.78,27.98,3.91,958.0,103.2,-69203.35,10080.16,2.699
-0.2923,-0.5995,-17.423,17.41,0.0342,23.68,4.03,38.56,2.09,951.1,121.8,-1514.02,5462.12,1.214
0.7972,0.3835,16.693,6.025,0.0258,26.94,55.95,27.61,1.22,869.9,24.8,49457.17,-2388.64,2.72
-0.3182,0.2995,-4.428,-16.422,0.0253,17.88,9.72,27.74,1.26,875.9,30.1,-5153.08,-7410.75,1.333
0.0338,0.8389,3.716,-6.242,0.0274,26.99,3.92,1.47,1.88,924.4,86.3,66.83,-1260.81,1.146
0.3654,0.4699,-15.13,4.439,0.038,28.59,21.16,10.86,1.62,838.8,171.5,-13769.96,13902.98,1.552
-0.2455,0.8114,6.592,-15.972,0.0363,21.41,20.85,29.57,3.71,864.0,68.1,-3781.72,-22242.4,1.609
0.8492,0.3646,15.572,-17.14,0.0361,27.44,59.35,49.45,2.13,836.6,158.6,14845.78,-77546.39,3.307
0.8324,-0.3635,2.724,-1.799,0.0256,21.27,51.75,17.08,3.82,883.7,26.1,4115.55,-6608.16,1.279
-0.4468,-0.7103,-13.46,-6.023,0.0344,26.21,70.71,31.6,1.61,897.3,113.0,-58778.24,4684.38,2.765
-0.005,0.5073,2.942,-2.221,0.0435,27.75,51.81,21.03,2.73,849.6,110.1,3582.19,-9570.62,1.233
-0.3584,0.2595,9.588,-8.543,0.033,31.85,31.28,6.74,3.41,823.7,155.5,7184.79,-19877.37,1.68
-0.3873,-0.8133,-3.369,-12.07,0.0375,20.22,50.92,57.52,3.28,920.7,5.6,-27414.6,-25853.19,1.995
-0.8336,-0.2519,13.674,6.809,0.0406,21.4,71.96,51.35,3.1,822.8,38.2,64731.67,-7997.01,2.784
0.1972,0.8222,5.353,0.525,0.0407,16.98,51.71,5.17,4.24,956.3,43.4,13878.83,-7957.23,1.5
0.0048,0.0007,14.373,-10.794,0.0354,17.67,55.32,43.33,1.8,851.0,171.2,28439.36,-62568.23,2.647
-0.8073,-0.1211,4.446,-6.495,0.0422,26.48,67.69,21.18,2.73,912.9,31.9,-1541.98,-27470.43,1.923
-0.3984,-0.0761,-13.274,3.305,0.0328,30.51,9.96,59.69,4.09,880.9,11.5,-5167.17,3796.88,1.216
0.7349,-0.524,-6.851,-15.4,0.0428,21.1,51.33,18.49,1.27,828.4,98.5,-46639.18,-26977.71,2.497
-0.4688,-0.2363,-10.735,-12.692,0.0298,17.24,61.56,14.7,1.2,886.1,97.5,-58519.69,-27165.72,2.693
-0.6392,-0.2343,14.718,-15.363,0.0306,19.13,68.81,34.29,1.82,892.3,152.7,26964.27,-90644.01,3.342
-0.019,-0.8058,9.374,11.243,0.0261,22.19,16.77,50.19,3.22,939.7,171.1,13767.78,6120.94,1.42
0.8742,0.4816,6.35,9.087,0.0409,19.23,37.28,11.95,1.91,922.5,99.2,24278.66,9367.28,1.58
-0.4643,-0.1503,-7.165,9.119,0.0333,18.2,49.64,42.71,1.67,831.1,167.7,-6799.08,38329.11,1.887
0.3098,0.5799,-11.374,7.788,0.0296,27.25,19.32,4.15,2.61,849.3,131.9,-7175.41,13054.74,1.4
0.4709,0.6306,9.232,6.098,0.0296,14.14,44.03,55.18,3.15,863.7,51.3,31155.47,5707.18,1.762
-0.4723,-0.5184,-0.93,-0.828,0.043,23.71,20.03,5.32,1.87,836.3,167.5,-1203.09,263.45,1.014
0.4108,0.2832,-9.872,5.122,0.0417,28.29,25.34,54.9,2.05,884.0,121.8,-7468.59,14227.8,1.418
-0.238,-0.0499,4.198,-16.619,0.0361,18.79,32.91,29.7,3.15,957.8,77.5,-10147.66,-34506.22,1.87
0.2382,0.6843,-16.548,4.373,0.0373,24.86,39.04,27.16,4.31,892.0,124.0,-27218.3,27853.07,2.191
0.2404,-0.5117,-6.258,10.004,0.0345,26.04,33.46,58.41,3.36,923.9,75.2,-1086.27,22097.26,1.624
0.0644,0.3201,-1.132,0.013,0.0328,25.79,36.52,59.43,3.74,915.6,25.0,-25.89,1876.09,0.957
-0.7375,0.194,-12.673,-5.13,0.0433,22.03,22.9,39.19,2.28,939.0,130.8,-19314.71,3944.19,1.504
0.6035,-0.3685,17.448,-8.013,0.0275,20.24,13.13,8.06,1.95,850.2,149.2,10008.77,-11370.0,1.364
-0.3226,-0.6541,-10.472,5.141,0.0334,29.05,5.31,30.62,2.59,925.5,132.5,-2078.37,2926.4,1.059
-0.5643,0.273,-13.307,6.941,0.0319,27.65,15.72,31.99,3.82,943.4,45.1,-6834.89,9027.74,1.429
-0.8266,0.4295,-10.673,13.355,0.035,19.78,42.74,31.11,2.6,844.0,172.4,-6557.98,48512.46,2.195
0.1636,-0.3319,9.686,-5.676,0.0342,15.85,57.03,34.38,3.96,868.6,9.4,21356.4,-34815.15,2.009
0.3196,0.2607,-2.682,9.712,0.0354,15.29,13.85,1.61,4.46,955.8,63.2,2081.57,7340.09,1.255
-0.8701,-0.1888,2.355,2.209,0.0278,15.7,9.6,42.82,1.25,929.3,50.5,1272.17,459.03,1.109
0.0218,0.3838,-17.244,13.782,0.0353,24.49,54.45,42.89,1.16,859.6,13.4,-25109.32,59767.02,3.03
-0.4923,-0.5414,-16.76,1.001,0.0298,14.93,23.36,7.37,1.52,899.0,76.0,-22069.73,12196.45,1.531
0.2613,0.7024,-1.95,0.635,0.0287,20.06,68.6,34.43,2.35,876.6,114.0,-2718.69,9136.07,1.179
-0.5861,-0.3827,11.4,2.804,0.0263,27.56,52.0,34.32,1.46,888.6,159.4,33388.66,-4864.58,2.02
0.3437,-0.238,13.869,8.975,0.0403,19.3,24.87,41.11,4.05,869.7,178.2,27349.79,-30.92,1.673
-0.2039,-0.7954,-14.879,16.729,0.0335,27.74,22.27,5.58,1.08,859.1,146.4,-7077.83,27682.19,1.815
0.7861,-0.6993,1.381,-15.352,0.0375,27.42,38.66,37.78,2.11,914.5,87.0,-14912.78,-29556.13,1.944
-0.6525,0.0286,14.876,-16.076,0.0396,18.42,7.54,17.2,1.65,929.0,131.6,1655.5,-10649.1,1.205
-0.2861,-0.4183,-4.033,15.752,0.0386,27.12,10.24,30.67,4.26,942.4,152.6,2786.07,9502.69,1.378
-0.6957,0.6039,11.864,1.076,0.0344,27.46,14.31,46.51,3.34,841.7,86.4,8454.29,-3514.3,1.285
0.7644,-0.8736,-13.187,4.137,0.0328,21.15,56.23,42.49,4.19,935.2,142.4,-33311.77,33738.09,2.327
0.6792,-0.2176,15.674,-0.633,0.0325,17.79,37.97,7.57,4.4,855.7,89.5,33676.58,-20230.01,1.993
-0.4357,-0.2928,9.051,-14.628,0.0378,23.38,2.74,35.68,2.74,879.8,72.6,145.53,-2873.57,1.081
0.288,-0.8652,15.888,9.651,0.0349,30.59,49.15,58.16,1.82,946.2,97.1,44564.11,1942.12,2.52
0.571,-0.6761,6.358,8.9,0.042,25.51,31.66,9.83,1.68,883.6,123.3,18521.77,6527.58,1.521
0.0994,-0.1554,-4.917,-6.779,0.0425,17.11,37.76,51.25,1.78,847.6,132.2,-20765.29,-6574.28,1.451
0.0534,-0.0128,15.775,-6.975,0.0284,26.29,16.99,42.3,3.48,842.4,67.4,10295.9,-11548.4,1.508
-0.4647,-0.1723,-8.08,12.162,0.0277,21.69,40.62,46.55,1.14,886.2,105.0,-5019.26,34593.01,1.998
-0.7324,0.0557,-6.042,-15.395,0.0376,24.65,70.54,17.28,1.18,926.8,164.2,-57336.5,-44878.68,2.991
0.715,0.1712,7.229,13.72,0.031,27.21,7.14,17.63,3.13,959.6,175.9,5181.27,3795.01,1.221
0.7208,-0.8821,9.551,-8.76,0.0254,23.27,21.87,54.41,3.25,930.2,44.8,6604.9,-14020.25,1.432
0.2396,-0.0646,15.459,3.347,0.0428,28.65,19.01,21.91,3.33,942.8,38.7,14330.26,-7082.73,1.558
-0.2897,0.8343,-10.627,15.696,0.0295,27.0,19.4,4.25,2.3,924.7,123.4,-3073.42,19789.76,1.651
-0.2714,0.0343,10.728,6.412,0.0436,25.07,28.51,36.24,3.82,945.4,77.6,21624.72,-550.16,1.628
0.4067,0.3196,8.588,-3.081,0.0393,16.71,59.27,7.93,2.87,830.7,9.2,19844.67,-28209.13,2.014
0.7148,-0.3386,-15.703,6.823,0.0403,29.05,65.9,47.9,1.37,950.2,65.7,-32655.3,49706.78,2.983
0.6968,0.4932,-4.06,-5.617,0.029,30.85,16.16,38.68,3.79,875.5,146.2,-4926.79,-2157.51,1.221
0.5038,0.4913,-7.82,-8.019,0.0297,16.47,40.01,52.55,4.34,949.0,144.5,-26465.84,-7890.24,1.775
0.2557,0.0383,-7.038,17.881,0.0354,22.79,46.58,47.2,1.21,830.6,91.6,6384.83,52049.49,2.546
-0.7485,0.8568,17.386,9.028,0.0284,18.66,38.53,7.17,2.37,920.1,87.7,47867.02,1964.05,2.229
-0.6091,-0.674,5.14,5.21,0.0311,27.58,32.39,23.17,2.71,923.0,106.4,10663.67,2777.93,1.367
0.7174,-0.8695,7.836,-5.21,0.0314,26.99,15.44,46.59,1.51,959.6,43.4,3131.05,-5661.08,1.276
0.1916,0.4863,17.158,-16.23,0.0282,16.54,36.18,25.33,4.04,927.6,97.1,21689.26,-51345.77,2.381
-0.8834,0.5529,-4.421,-16.882,0.0291,29.79,30.09,58.36,1.99,873.6,6.9,-14410.85,-18790.25,1.905
-0.7174,-0.6836,10.866,1.951,0.0408,17.26,57.69,44.28,3.74,898.0,88.2,36929.91,-19143.92,2.069
0.2943,-0.422,-2.357,9.433,0.0283,28.35,55.45,1.42,3.35,871.3,63.8,3717.67,26844.46,1.856
-0.8909,-0.8684,13.303,1.346,0.0256,22.23,11.38,52.86,3.09,847.4,123.1,8620.63,-1917.99,1.255
-0.6105,-0.372,-11.496,12.268,0.0376,19.91,8.2,6.5,1.67,854.8,116.7,-814.98,9046.07,1.295
0.0877,0.4917,16.117,-16.797,0.0445,16.85,65.57,8.86,1.77,851.1,71.6,15934.85,-105478.43,3.5
0.3454,0.0323,-10.124,-4.797,0.0316,17.02,39.49,44.2,1.17,896.8,6.3,-26190.72,1435.39,1.742
0.2735,-0.2734,-6.256,-9.465,0.0274,25.91,62.05,51.97,1.84,946.9,49.1,-32893.71,-21239.11,2.19
-0.4963,-0.2309,9.223,-1.898,0.0364,23.91,6.07,32.41,2.21,947.8,115.8,2479.64,-2244.27,1.118
0.3819,-0.8976,-3.825,-15.394,0.0431,16.2,38.86,17.7,3.92,827.7,17.7,-30046.31,-26083.14,2.011
-0.473,-0.3604,3.896,16.349,0.0407,16.03,39.76,21.4,2.28,831.2,23.8,31227.71,29876.34,2.131
-0.3143,0.2636,-1.995,-9.963,0.0375,15.3,62.25,20.9,3.64,854.3,118.2,-30500.38,-30871.18,2.002
0.4437,0.8535,8.725,15.203,0.0313,27.39,8.83,19.94,2.54,855.7,137.3,7228.87,4747.52,1.218
0.2693,0.6247,-9.78,-2.668,0.0358,26.81,18.83,14.95,3.75,833.3,61.3,-10265.02,1370.97,1.285
0.6286,-0.8575,-15.896,17.479,0.0268,15.05,30.46,36.73,4.42,874.4,90.7,-13926.66,44511.34,2.223
0.2837,0.7174,-7.203,1.946,0.0386,24.08,62.61,54.07,1.84,902.3,170.5,-17253.97,21454.89,1.787
0.123,0.5098,-0.925,15.51,0.0395,15.52,67.72,18.77,4.02,900.9,170.5,38282.18,65634.29,2.747
-0.7314,0.5047,-11.951,-17.807,0.0443,30.27,71.49,11.61,3.18,896.1,58.8,-75178.15,-29930.24,3.5
-0.2381,-0.0756,-5.227,8.937,0.0302,30.33,69.14,50.4,3.86,867.4,146.7,-3451.51,38797.21,2.212
-0.4226,-0.1836,-3.601,14.51,0.0254,26.57,2.42,44.64,3.28,918.9,108.9,263.58,2188.4,1.046
-0.4608,-0.3548,-15.934,-12.97,0.0359,30.67,5.34,55.88,2.48,935.7,175.7,-5450.16,-729.25,1.131
0.8514,-0.7817,2.999,-14.539,0.0391,28.61,12.33,10.35,1.8,868.5,88.6,-3046.51,-9555.84,1.264
-0.1924,-0.4892,13.836,-2.715,0.0408,28.91,26.42,9.08,1.25,832.0,140.6,15156.11,-16854.55,1.548
0.7057,-0.4561,-12.537,15.612,0.0289,24.25,60.09,32.72,2.87,861.5,139.4,-16090.18,68961.48,3.013
0.236,-0.0287,3.521,1.526,0.0302,19.51,64.49,37.06,4.47,839.2,92.1,14759.77,-599.27,1.369
0.5307,0.4454,5.931,0.988,0.0353,17.92,15.08,29.07,3.58,885.4,144.2,5656.11,-2359.43,1.126
0.0047,-0.0471,-2.904,-12.919,0.0316,19.89,45.38,36.14,2.15,841.8,50.7,-21441.03,-25865.05,1.995
0.1384,-0.7959,7.24,-17.972,0.0422,25.31,66.22,11.23,3.9,884.8,26.4,-14715.4,-68273.2,3.19
-0.0135,0.824,-3.214,11.165,0.0345,17.11,34.46,29.04,3.69,850.9,79.4,6617.02,24884.83,1.714
-0.5486,0.7969,0.167,-14.847,0.041,18.66,9.25,39.66,1.99,923.4,170.1,-5174.51,-8015.95,1.226
0.4004,0.5133,-17.735,4.819,0.0366,22.43,34.05,26.25,1.05,823.9,92.6,-26482.49,26976.02,2.106
-0.3946,0.8844,6.902,14.926,0.0405,18.19,28.31,40.93,1.41,897.7,116.2,26193.43,17081.57,1.675
-0.8562,0.0801,5.808,-10.489,0.0317,24.6,42.44,27.35,4.07,843.7,114.2,243.81,-29634.41,1.942
0.2619,0.833,-16.618,5.95,0.0416,30.62,32.71,20.35,3.93,820.1,28.2,-18170.42,23302.67,1.997
-0.5812,-0.7639,-4.743,-15.167,0.0305,27.47,3.21,18.56,2.03,941.7,73.3,-2059.75,-2167.7,1.09
0.7928,-0.2418,17.245,3.735,0.0359,26.0,71.58,24.95,2.0,914.0,128.7,68463.7,-20700.85,3.06
0.8171,-0.4943,-2.853,-12.098,0.0293,24.49,40.05,1.87,3.78,833.9,175.1,-18872.77,-22564.06,1.808
0.7468,-0.5475,0.07,8.494,0.0345,22.78,35.15,40.28,4.28,913.0,34.4,9594.73,13401.59,1.528
-0.2337,-0.6466,14.757,-7.156,0.0314,17.36,68.82,50.78,3.73,905.6,76.8,42888.39,-56118.74,2.913
-0.8722,0.2203,7.821,-1.318,0.0303,30.1,12.91,21.6,3.12,886.3,21.6,3836.94,-3182.03,1.204
0.771,0.5064,2.955,3.579,0.0443,18.47,15.25,3.24,1.85,878.7,47.4,4438.03,1828.7,1.082
-0.1293,0.1409,10.721,-11.834,0.0282,15.64,58.56,59.21,2.84,944.2,70.9,20057.4,-54370.41,2.512
0.84,-0.6355,13.117,8.699,0.0407,27.5,20.26,16.19,1.82,854.3,99.6,17538.55,461.57,1.541
0.8345,0.56,-1.552,-7.105,0.0447,17.16,57.95,8.03,3.83,875.8,45.3,-21001.18,-15790.73,1.741
0.6354,0.2447,-0.896,5.845,0.0254,20.69,21.01,22.5,2.35,866.1,44.8,1571.77,6533.55,1.207
-0.37,-0.2013,-4.102,-12.302,0.039,14.51,4.32,44.44,3.92,928.0,141.1,-2766.02,-2289.69,1.168
-0.2068,0.3134,16.801,6.772,0.0301,16.47,38.19,17.99,2.34,948.3,173.5,48505.75,-1868.48,2.155
0.632,-0.4322,7.098,-13.385,0.0258,17.12,15.77,34.69,3.88,939.0,61.6,1696.61,-14385.29,1.398
-0.3295,-0.2787,-15.004,-2.687,0.0331,14.98,55.05,25.23,2.17,931.7,125.4,-53131.0,17649.44,2.432
-0.5949,0.7515,13.067,-9.101,0.0437,25.82,46.88,7.51,2.54,958.2,50.2,14290.91,-38740.06,2.305
0.1022,-0.3771,-0.7,8.942,0.0252,29.07,66.65,20.15,3.15,917.6,167.4,9418.12,30577.36,1.929
0.7851,-0.054,-15.525,-8.567,0.0368,20.72,56.81,43.63,1.25,925.1,122.8,-62693.04,1115.01,2.623
0.3529,0.7023,1.79,13.742,0.035,29.74,14.65,36.91,4.32,957.6,145.5,6904.24,7529.97,1.323
0.1261,0.3739,-2.982,14.106,0.0425,17.84,58.01,7.63,3.01,821.0,13.6,19569.28,48090.15,2.552
-0.7251,-0.788,13.599,-10.928,0.0267,19.86,46.92,10.22,2.78,908.8,109.7,24530.4,-45843.66,2.351
0.207,-0.6349,-10.656,4.098,0.0386,16.71,48.83,38.62,3.94,923.5,97.3,-22238.24,28724.85,1.923
0.8821,-0.8859,11.753,-14.842,0.0386,25.17,60.26,48.9,4.03,948.5,56.3,6762.92,-64355.46,2.932
-0.6478,0.2357,2.077,-3.905,0.0384,21.56,42.17,21.29,2.83,943.7,50.9,-193.27,-10988.34,1.36
0.033,-0.0942,-16.034,7.68,0.0438,25.04,34.62,35.92,4.25,937.9,106.5,-18083.34,33440.27,2.034
0.6793,-0.6583,16.986,5.739,0.0415,27.71,46.56,10.65,1.23,952.4,128.6,47118.36,-11716.22,2.45
0.4334,0.8243,0.454,4.489,0.0258,23.82,22.86,19.03,1.4,895.2,10.8,2925.62,4688.18,1.112
0.3546,0.0534,-7.528,-7.829,0.0344,25.3,14.78,1.71,3.09,821.0,104.3,-9063.63,-2215.4,1.229
0.3645,-0.4646,-1.101,-4.391,0.033,30.83,45.16,46.21,2.24,821.5,34.8,-5872.14,-5884.82,1.399
-0.2529,0.0011,12.883,-14.294,0.0312,19.38,18.37,24.36,2.62,896.2,29.6,6404.39,-21459.2,1.59
-0.3715,0.3233,-7.023,7.885,0.034,20.46,7.59,49.06,2.15,880.9,114.0,-1461.31,4807.85,1.071
0.5569,-0.7628,-11.064,0.14,0.0327,26.92,2.04,42.65,2.42,883.2,59.4,-921.23,175.06,0.971
0.5582,-0.4055,-13.353,7.516,0.0336,25.0,44.58,49.81,3.88,876.1,82.2,-21049.58,32659.55,2.098
0.6607,0.5525,-7.277,-9.038,0.0446,17.21,27.35,17.5,3.08,948.5,68.0,-19740.73,-6996.07,1.529
0.7438,-0.0726,10.082,-6.32,0.0268,20.77,54.66,11.51,4.49,870.3,118.5,23045.5,-31988.85,2.107
0.0204,0.0838,-1.021,-5.968,0.0434,22.42,28.26,58.33,3.75,939.9,87.3,-7750.21,-6618.67,1.269
0.0027,-0.1209,-9.811,-17.073,0.0346,21.55,36.02,43.18,1.96,946.4,173.6,-37342.51,-24740.88,2.201
0.5369,-0.821,-12.017,-5.722,0.0375,17.21,30.5,50.13,1.93,889.9,66.7,-24973.64,3506.03,1.655
0.2699,-0.6017,-6.022,10.919,0.0416,30.64,47.54,1.28,2.18,882.6,134.5,3867.17,32746.81,2.049
0.3635,-0.098,15.837,14.303,0.0322,27.72,26.93,21.59,3.95,926.5,50.0,28814.54,7836.1,2.085
0.5324,-0.5235,-5.651,0.656,0.0336,22.66,69.46,44.7,1.1,919.1,94.0,-16633.76,14061.7,1.639
0.702,-0.81,17.572,-1.602,0.0332,26.24,67.53,5.14,1.81,866.0,101.7,53974.38,-36593.3,3.01
-0.2916,0.6186,-0.532,-16.89,0.0325,30.15,61.36,34.26,4.17,834.4,62.6,-24619.78,-44073.0,2.748
-0.224,0.8661,-11.55,13.651,0.0435,16.45,66.42,26.03,3.24,857.1,87.6,-6518.04,81842.21,2.986
-0.7308,0.5277,14.081,-17.532,0.0416,18.51,33.44,1.55,1.79,838.3,53.9,3737.8,-48211.31,2.286
0.1409,0.6368,-1.427,16.011,0.0272,23.77,39.55,14.54,1.77,861.3,6.1,10672.49,30323.72,2.084
-0.8353,-0.4644,7.548,-0.388,0.0272,28.38,53.95,17.45,4.02,856.7,42.7,18349.86,-10087.63,1.656
-0.0619,0.8291,17.414,-5.69,0.0336,14.65,50.73,7.16,4.13,909.3,127.5,43924.89,-46895.28,2.615
0.0768,-0.5455,-16.194,15.272,0.027,31.71,64.35,38.08,1.9,953.6,139.9,-28907.54,65509.35,3.397
-0.3842,0.8126,-14.519,-17.122,0.0374,22.19,52.14,14.92,2.47,916.0,54.0,-65981.3,-22854.39,2.932
0.1635,0.8907,7.936,2.931,0.0279,20.47,71.85,17.02,3.92,949.7,76.4,32209.35,-1554.52,2.135
-0.8451,0.3811,-7.854,1.762,0.0354,19.27,26.4,53.95,3.7,929.8,11.5,-8212.95,7406.0,1.348
-0.8328,0.8661,-11.365,-10.104,0.0251,17.14,60.31,28.29,3.85,921.9,46.5,-51392.28,-18755.76,2.541
0.5807,0.1252,-16.583,-2.56,0.0313,28.25,50.83,23.83,2.81,878.0,141.4,-44405.75,15563.66,2.43
-0.2517,-0.4328,-17.214,5.482,0.0385,31.2,50.4,43.57,4.19,865.5,111.0,-31871.77,37165.21,2.511
-0.6713,-0.1134,9.881,8.177,0.0347,21.45,24.81,54.62,2.14,938.5,41.0,17768.72,4125.86,1.553
0.04,0.1684,-13.16,-17.974,0.0446,31.14,56.99,1.99,1.55,946.8,50.1,-60386.15,-20522.84,3.074
0.486,-0.7685,-1.162,15.727,0.0425,28.83,65.03,27.17,3.48,883.3,147.9,30259.03,52233.96,2.739
-0.5115,0.2202,3.812,-12.077,0.0322,22.66,17.3,36.84,2.89,821.3,41.6,-2083.57,-12558.84,1.277
0.2212,0.8661,-2.579,-9.591,0.0259,26.13,45.78,19.45,3.99,931.0,63.5,-13898.04,-18418.27,1.693
-0.7464,-0.5578,-17.024,-8.515,0.0419,21.83,29.45,46.46,1.28,859.9,121.3,-36777.43,4664.07,2.026
-0.807,0.5267,10.206,-16.638,0.0432,24.06,71.27,58.3,3.95,821.4,103.2,-4546.6,-86026.18,3.256
0.0564,0.7342,-17.622,-13.57,0.0414,15.04,35.52,56.63,2.03,932.7,85.7,-56207.3,-3965.17,2.219
0.0731,0.7987,9.428,17.509,0.0276,26.53,17.98,16.33,3.29,892.4,162.5,15388.54,12232.13,1.534
0.2474,0.8282,14.159,-6.652,0.045,14.95,28.73,13.97,1.14,915.9,43.4,13873.13,-27997.4,1.836
0.407,0.0386,-2.418,-13.849,0.0302,28.71,47.77,57.47,3.13,948.1,134.7,-21121.99,-28176.65,2.03
0.8565,0.8592,1.28,-14.148,0.0395,28.85,7.33,27.79,3.51,895.8,32.8,-2581.26,-4731.63,1.126
0.0293,0.4632,-0.829,7.901,0.0432,18.27,44.25,12.89,2.29,890.4,112.8,11780.6,20407.67,1.513
-0.3187,-0.609,-3.988,12.764,0.0297,19.83,67.19,42.57,1.75,860.7,157.4,7023.58,56627.28,2.484
0.5313,-0.0416,13.947,-8.75,0.0432,22.66,61.53,17.42,2.88,862.7,85.1,25342.7,-57662.68,2.667
-0.4125,0.393,14.182,-17.247,0.0312,24.74,6.74,16.4,3.92,931.5,131.8,2301.17,-8488.42,1.227
-0.1099,-0.4548,-5.911,-9.969,0.0445,19.17,71.54,52.82,2.13,882.9,148.6,-53085.68,-22631.61,2.475
-0.7588,0.2531,4.143,-15.965,0.0306,24.66,50.91,10.17,1.88,842.9,28.8,-9319.9,-41599.71,2.34
-0.8544,0.2999,15.369,-14.278,0.0441,19.36,13.36,4.33,1.98,833.2,128.5,3506.86,-18419.75,1.462
0.8328,-0.6071,16.634,-2.466,0.0261,15.0,2.87,16.52,4.32,886.2,166.0,2745.98,-1685.59,1.097
0.6048,0.1172,0.323,-9.723,0.0392,14.05,13.99,36.61,2.26,885.1,105.9,-5688.98,-8344.53,1.178
0.3528,0.4889,-1.698,0.574,0.0356,15.82,60.67,7.82,1.01,911.5,37.6,-5113.59,4859.09,1.206
-0.1639,-0.002,-7.967,-8.874,0.0346,28.26,3.51,28.56,3.74,885.9,27.2,-1707.12,-540.91,1.05
-0.5881,-0.8782,16.519,15.859,0.0295,31.31,18.32,37.83,3.45,840.1,50.5,18708.86,7265.48,1.718
-0.6184,-0.8837,-12.859,14.614,0.0391,21.69,55.01,51.0,1.45,891.1,23.1,-7979.05,59881.87,2.779
-0.4496,-0.2573,2.874,2.405,0.0288,23.23,43.03,14.18,4.45,947.0,94.8,8046.31,2639.52,1.166
0.0886,0.7671,-7.828,-5.241,0.0361,16.64,56.79,49.13,3.13,842.3,17.2,-32842.79,-382.82,1.957
0.3863,-0.4884,-7.956,-4.279,0.0301,23.92,54.23,14.48,2.75,916.6,44.1,-26184.71,-2518.37,1.92
0.2884,0.2419,-3.421,-3.173,0.0441,16.6,5.54,40.77,2.34,903.1,82.0,-1805.28,-213.2,1.034
-0.3961,-0.5003,17.957,8.193,0.0256,25.0,64.48,26.13,4.15,924.8,87.9,67984.58,1775.51,3.076
0.8188,-0.321,-16.021,-1.741,0.029,30.8,17.89,7.32,1.85,841.1,103.9,-13355.48,4833.05,1.556
0.4282,0.6265,2.828,12.842,0.0298,17.52,40.74,43.0,2.0,951.8,128.5,21292.68,26780.75,1.987
0.0978,0.412,-15.027,15.987,0.0333,27.76,47.1,13.46,1.43,906.9,13.3,-13925.21,49004.56,2.714
0.2011,-0.7283,-12.437,-5.906,0.0297,14.42,13.8,11.01,3.66,938.6,19.1,-11075.1,-212.33,1.306
-0.1447,-0.1283,-2.176,2.185,0.0348,20.76,70.34,21.82,3.08,854.5,15.7,-271.04,12151.25,1.357
-0.4541,-0.8475,0.377,-14.578,0.0424,15.99,36.17,39.37,3.13,923.5,79.1,-18776.12,-29929.5,1.795
-0.2592,-0.0344,-8.683,-10.783,0.0392,20.34,6.03,14.42,1.76,929.3,12.3,-4432.64,-1466.86,1.125
0.4641,0.2924,-6.608,-3.115,0.0366,17.12,67.61,11.43,3.28,875.6,135.6,-31378.44,3854.2,1.909
-0.8741,-0.6867,-14.869,-10.577,0.0268,20.72,43.04,1.09,3.68,873.8,44.0,-41453.4,-8980.1,2.3
-0.6911,-0.38,-7.084,13.556,0.0389,21.52,50.94,28.56,2.25,912.1,169.4,5023.44,50859.69,2.247
-0.8172,-0.1839,16.796,-12.302,0.0283,19.41,38.76,26.0,3.8,833.1,90.1,23657.82,-40994.94,2.37
-0.8267,0.7552,16.009,-1.596,0.0407,25.82,60.43,14.42,2.22,923.0,83.1,43524.24,-36613.11,2.587
0.6398,0.8879,-5.944,3.805,0.03,30.54,4.32,3.69,3.65,826.0,141.6,-586.09,775.57,1.047
0.3666,-0.8192,2.551,6.907,0.0333,21.21,20.79,26.04,1.12,846.7,129.8,6314.17,4742.04,1.192
-0.0465,0.4698,14.745,-4.21,0.032,17.46,34.88,47.4,2.93,913.0,111.3,24929.53,-25447.71,1.839
-0.7239,-0.2309,-17.777,13.288,0.0422,18.87,7.36,43.06,4.39,833.8,168.7,-3285.18,11186.22,1.309
-0.0151,-0.1936,11.185,2.459,0.0275,29.37,51.41,51.72,4.43,956.1,78.9,26154.73,-5167.94,1.987
-0.0478,0.4577,16.141,-2.178,0.0363,24.29,29.56,1.07,1.99,941.6,146.5,22001.27,-17049.45,1.764
-0.5882,0.7532,-14.712,-15.579,0.0278,22.19,21.09,58.0,2.54,907.7,71.5,-23748.92,-10693.46,1.759
-0.1191,0.8117,-12.188,-1.271,0.0391,16.69,2.24,20.81,1.22,934.7,151.7,-1627.71,1027.61,1.015
-0.1827,0.1388,16.587,11.546,0.0431,22.1,52.39,59.43,4.06,944.3,50.4,62743.95,-119.61,2.725
0.2085,-0.2572,1.351,4.123,0.0337,19.01,60.37,15.53,2.99,856.3,55.6,11078.41,10153.47,1.495
0.2432,0.5176,-17.489,11.958,0.0348,30.98,29.65,28.56,2.35,938.9,123.6,-13692.44,29805.54,2.086
-0.8185,-0.4482,-8.725,-0.216,0.0435,29.91,41.5,21.56,1.39,847.3,42.2,-14868.57,9692.75,1.603
-0.2257,0.1153,-1.802,-13.735,0.0354,15.51,17.94,21.67,4.31,877.9,45.1,-9070.42,-11018.31,1.421
0.2265,-0.2546,6.945,-17.509,0.0348,23.3,45.55,50.62,2.86,898.2,58.4,-6960.62,-46927.76,2.43
0.0056,0.2819,8.394,-7.084,0.0366,18.05,2.85,44.91,1.99,919.9,123.8,455.66,-2074.18,1.077
0.6417,-0.4673,17.835,7.128,0.0388,21.39,36.21,59.53,2.23,824.2,160.6,45779.34,-9142.13,2.119
0.2856,-0.5551,-7.65,10.449,0.0271,29.78,47.09,37.0,1.95,860.7,123.0,-6408.86,30099.99,2.06
-0.6067,0.7528,1.376,-7.353,0.0414,23.5,66.27,28.06,3.11,905.2,149.9,-14202.5,-27713.0,1.844
-0.773,-0.7168,1.2,-0.156,0.0337,20.02,28.69,5.86,4.25,870.0,100.1,888.19,-376.82,1.045
0.2564,0.0107,-3.397,-2.84,0.0264,17.74,55.56,59.8,4.0,928.5,17.1,-11149.72,-4904.06,1.386
-0.8523,-0.5025,-11.91,-3.221,0.0407,28.41,43.84,33.32,2.61,911.2,22.6,-26841.62,9061.12,1.944
0.1544,-0.8299,17.188,-9.671,0.0325,25.24,66.89,42.18,3.89,852.8,102.0,41846.25,-64121.13,3.191
0.7924,-0.8352,12.719,-13.091,0.027,22.43,29.89,24.7,2.48,840.4,62.4,10494.49,-27997.22,1.874
0.1359,-0.5846,-0.06,-10.919,0.0377,17.91,24.34,33.09,1.88,908.1,43.6,-8736.42,-13971.49,1.424
-0.2013,0.6602,3.717,-16.008,0.0426,20.02,64.1,56.58,4.44,883.1,86.6,-24845.34,-60871.45,2.794
0.2579,-0.3915,-9.819,-10.867,0.0428,31.28,5.45,10.4,2.06,843.7,121.6,-4924.81,-1498.89,1.052
-0.0751,0.8108,1.576,-17.669,0.0442,23.36,11.55,17.9,2.13,865.7,72.4,-7097.52,-10004.03,1.324
0.0821,0.1469,7.019,4.581,0.0424,21.21,7.77,9.55,4.46,862.4,145.4,4257.68,-893.06,1.162
0.7946,-0.1141,0.546,-6.61,0.025,23.39,61.02,47.64,1.47,835.1,134.2,-7737.85,-22890.35,1.666
-0.205,0.1442,17.65,17.033,0.0326,28.02,2.74,4.19,3.66,896.6,133.6,3811.11,642.39,1.126
0.8301,0.0301,4.008,-11.026,0.0414,20.12,62.32,5.36,4.28,926.9,177.4,-14305.57,-48078.04,2.273
0.7296,0.4658,-4.645,-5.55,0.0323,17.22,33.59,18.26,2.79,900.6,56.7,-13081.43,-6403.07,1.45
-0.5476,-0.3915,9.797,-5.118,0.037,24.53,2.28,31.09,1.01,935.7,117.8,448.8,-1568.22,1.02
-0.7751,-0.2645,-11.863,-17.696,0.0371,25.97,30.12,24.67,2.31,837.9,154.7,-35049.32,-16295.08,2.063
-0.7186,0.7094,-4.157,12.211,0.0323,26.83,15.08,3.17,1.39,881.0,106.4,995.53,10688.11,1.369
-0.8672,0.8036,-5.509,-16.848,0.0431,29.88,45.71,57.47,2.46,905.3,143.2,-35042.88,-27632.08,2.397
-0.73,0.7066,-2.455,15.846,0.0351,20.68,49.56,57.2,3.77,914.6,77.5,15551.96,44780.41,2.32
0.3294,-0.145,10.144,14.115,0.0343,15.36,36.13,17.12,2.54,917.4,108.3,38235.62,19892.75,2.044
-0.7719,0.5047,-0.57,1.279,0.045,31.25,4.84,44.03,2.51,922.1,14.7,-486.85,343.51,1.025
-0.3258,-0.0426,10.585,1.569,0.0349,21.83,47.93,34.93,2.95,911.2,177.5,32033.6,-11045.22,1.923
0.6208,-0.0044,2.754,5.536,0.0286,25.22,60.94,14.63,3.04,833.2,145.0,16778.84,12862.53,1.681
-0.8581,-0.5316,-5.686,-4.066,0.0353,25.99,52.42,16.1,4.0,917.3,157.0,-20711.27,-2947.12,1.645
0.566,0.164,11.159,5.3,0.0413,23.84,60.1,29.72,2.08,921.5,126.5,46844.34,-6362.79,2.183
-0.3927,-0.565,-9.422,-16.388,0.0405,17.69,16.04,25.44,3.88,959.1,37.6,-17163.26,-9113.07,1.491
-0.6873,-0.3032,-9.922,-16.054,0.0408,27.59,64.22,17.83,2.98,917.1,10.4,-56279.4,-26266.72,3.009
0.3541,0.6391,0.162,-1.54,0.0392,28.47,24.55,48.55,2.05,916.2,156.3,-900.35,-1539.2,1.134
0.2321,-0.5273,-8.609,1.786,0.0301,23.95,2.94,29.15,2.03,892.1,74.4,-952.88,361.56,1.031
0.6794,-0.7719,-17.673,13.961,0.0422,22.79,61.04,39.46,2.26,941.5,51.2,-24982.32,76400.98,3.354
0.4231,-0.7758,5.339,-14.232,0.0429,16.05,67.93,11.76,3.18,959.6,103.3,-18349.39,-68793.16,2.692
0.5463,0.7934,0.399,11.615,0.0289,15.51,47.89,32.24,1.81,929.1,78.7,16829.12,30661.41,1.903
-0.3923,0.0125,-1.961,-10.438,0.0276,20.11,18.2,19.42,4.22,905.8,119.0,-6435.96,-9918.62,1.346
-0.5806,-0.1631,16.811,-3.813,0.0445,19.6,19.62,31.82,3.01,831.1,89.7,14647.24,-16722.71,1.642
0.4511,0.5596,2.563,-6.602,0.0424,31.17,34.66,46.96,4.22,921.7,127.0,-4512.32,-12847.42,1.399
0.5523,0.6045,13.084,-3.594,0.0429,28.11,64.85,46.25,1.16,919.2,154.3,34874.7,-39677.29,2.338
0.8829,-0.3021,-12.98,-12.582,0.0427,25.88,12.47,21.58,2.2,928.6,39.2,-12708.03,-2048.12,1.298
-0.1573,0.3485,2.491,0.129,0.0358,23.32,59.82,41.81,1.08,837.4,62.7,8033.98,-3687.78,1.264
-0.2304,0.488,13.247,10.859,0.0379,17.01,22.39,56.51,1.95,911.5,81.4,25114.86,2934.64,1.566
0.4975,0.2784,2.992,-2.105,0.0359,31.61,58.6,37.73,4.02,861.4,173.4,2722.79,-9860.47,1.314
-0.2866,-0.6271,7.849,-0.338,0.026,20.75,66.42,9.33,1.13,926.4,68.9,27640.54,-11206.62,1.87
0.7754,0.6766,-4.606,12.556,0.0399,15.92,31.92,40.94,2.53,853.7,71.7,6640.48,27301.2,1.589
0.6451,0.0704,-14.672,7.418,0.0351,22.89,27.55,6.74,1.41,915.8,119.4,-14120.78,23485.07,1.736
-0.1278,-0.3915,-1.516,-0.344,0.038,29.73,58.16,52.39,2.46,861.3,78.4,-4214.52,1543.51,1.092
0.4516,-0.1346,-3.799,-8.723,0.0351,29.97,39.06,31.24,3.94,821.3,171.5,-15651.48,-11318.26,1.544
0.4582,-0.8324,13.214,13.857,0.0348,14.2,49.91,23.42,3.18,908.7,161.5,63908.77,20454.98,2.553
-0.7144,-0.6698,-9.216,2.773,0.0284,29.95,45.6,3.89,3.58,835.9,94.8,-16493.28,14195.86,1.678
0.7246,0.478,16.802,-10.039,0.0306,18.89,12.7,23.16,2.22,912.3,117.8,7932.48,-12978.94,1.438
0.0095,-0.9,16.493,-8.312,0.0282,14.7,61.14,54.24,4.31,949.6,15.2,43421.98,-52443.15,2.942
0.5876,-0.1502,-9.085,10.913,0.0289,29.26,15.7,1.75,3.48,955.7,126.8,-2706.45,11357.7,1.353
-0.3239,0.0405,-5.47,-16.411,0.0445,29.55,67.26,28.74,2.48,853.0,128.8,-54736.81,-38004.86,2.909
0.7119,-0.8017,14.24,17.715,0.0281,24.73,19.54,55.9,2.49,933.3,67.9,21898.24,10752.65,1.719
-0.1994,0.8515,16.798,-13.307,0.0304,24.34,53.37,23.99,4.22,869.5,43.4,25843.88,-53565.83,2.851
-0.8805,-0.493,-2.036,10.658,0.0368,28.64,21.93,25.98,3.02,946.1,165.1,5306.61,13042.64,1.332
0.7297,-0.3524,-6.444,-3.788,0.0372,28.15,24.24,34.92,3.47,930.2,79.7,-8396.63,328.43,1.22
-0.7357,-0.3529,0.939,-0.28,0.0281,30.02,23.7,28.04,2.46,830.3,119.4,1518.55,-825.7,0.972
-0.3252,-0.4853,6.76,13.703,0.0409,23.95,54.35,10.53,1.78,877.0,10.8,39336.34,24056.83,2.466
0.8101,-0.8973,-8.155,-3.135,0.0407,31.42,40.98,1.6,3.53,867.2,77.5,-19322.58,3514.14,1.562
0.8111,0.4128,8.513,1.35,0.0297,31.93,63.81,36.78,3.13,929.9,148.0,26716.87,-10153.36,1.77
0.1322,0.8403,-16.14,-16.225,0.0308,16.1,23.52,55.29,2.75,877.4,72.8,-32658.91,-11227.06,1.868
0.2373,-0.4963,-16.225,-17.915,0.0438,29.29,50.44,6.83,3.18,915.8,110.6,-68041.12,-13538.24,2.952
-0.0928,0.2935,-4.094,-9.187,0.0415,23.0,54.71,13.05,1.73,904.3,41.7,-27615.23,-14643.08,1.92
-0.3722,0.4354,-5.275,6.501,0.039,20.98,12.6,22.53,3.78,956.6,77.9,116.08,6250.94,1.173
-0.3084,0.6272,-6.637,-13.634,0.0266,25.04,30.04,48.62,4.32,951.3,167.3,-20868.81,-17320.23,1.762
0.3105,-0.1393,-0.323,-13.905,0.0334,15.01,35.8,16.52,4.12,879.9,104.1,-16098.35,-28524.78,1.828
0.4543,-0.3547,-6.454,-3.205,0.0362,23.12,26.9,52.98,2.13,921.3,162.8,-11575.91,821.45,1.304
0.5248,-0.3145,-11.079,5.322,0.0287,29.68,24.55,3.77,2.42,936.1,162.9,-10458.1,12765.84,1.43
0.5213,0.3827,-6.859,7.635,0.034,17.84,50.05,56.49,3.83,945.8,170.2,-6910.39,33438.66,1.852
-0.7358,0.5702,17.097,-11.576,0.037,21.68,17.11,33.86,3.08,829.5,161.7,10757.32,-20135.27,1.64
-0.01,-0.5731,-3.2,-15.135,0.0315,30.91,51.66,39.7,2.92,862.3,5.6,-22756.21,-27134.71,2.423
-0.7964,-0.2323,-1.99,15.854,0.0406,21.71,67.45,22.38,4.24,864.8,168.5,31419.15,65118.03,2.784
0.0892,0.7235,2.756,-8.616,0.0418,20.45,41.56,47.03,2.88,880.8,29.1,-6050.02,-21502.61,1.62
-0.1052,0.552,17.4,12.72,0.0315,21.93,44.8,10.41,2.8,843.7,12.0,53183.43,10739.73,2.634
0.6979,0.8727,-9.302,13.086,0.0418,23.35,6.83,3.41,1.15,889.5,14.7,-173.38,6381.14,1.257
-0.2684,0.4576,6.526,9.811,0.0271,25.38,62.51,24.03,1.24,912.9,66.1,31902.01,21078.64,2.203
-0.6893,-0.1922,7.775,-11.922,0.0418,28.41,21.98,51.29,1.03,889.6,113.6,-1947.43,-18115.25,1.556
-0.6426,0.1631,3.864,11.585,0.0281,22.14,45.05,45.42,4.2,913.2,75.4,20214.73,22596.51,1.876
0.4707,0.2898,-14.811,9.693,0.0267,28.71,70.54,31.27,2.43,829.3,9.5,-33739.09,48236.33,3.097
0.2128,-0.7588,6.367,3.482,0.0378,23.61,43.69,34.54,2.64,942.6,88.4,18726.37,-2027.07,1.577
-0.718,0.0801,-15.693,-5.861,0.0344,20.09,52.73,8.23,3.96,951.5,82.4,-53729.36,7677.19,2.408
-0.7486,0.3768,3.461,-8.55,0.0432,25.84,33.17,50.52,3.13,906.5,137.4,-4661.9,-17957.02,1.484
0.3617,-0.5988,8.625,-13.612,0.0323,26.92,6.23,47.32,3.13,943.4,53.9,448.18,-5152.77,1.215
-0.769,0.5051,-10.405,0.351,0.0307,24.04,57.83,39.56,2.04,838.4,43.1,-28972.28,13242.09,2.034
0.5793,0.1508,12.298,3.069,0.035,15.02,4.45,28.24,3.92,931.6,49.8,3996.01,-1026.06,1.146
0.3712,0.814,-16.907,-5.064,0.0341,17.06,51.05,57.89,1.58,836.7,58.2,-54210.46,11450.84,2.544
-0.7536,-0.8236,12.377,-0.887,0.0319,19.14,3.6,52.8,1.19,877.1,109.9,2835.45,-1457.46,1.057
-0.7473,-0.4224,-1.428,-4.913,0.0389,19.09,62.36,38.84,1.67,865.3,87.5,-14196.54,-11288.77,1.642
0.876,0.1828,-10.167,5.076,0.0402,26.12,13.03,22.62,1.94,902.0,64.0,-4075.95,8176.32,1.254
-0.2263,-0.3662,-13.184,14.445,0.0421,14.33,38.0,37.27,1.99,862.2,70.5,-5808.98,52144.02,2.086
-0.2328,0.386,16.319,-12.099,0.0445,27.6,43.8,34.74,3.35,909.2,69.9,14359.42,-48783.76,2.469
0.563,0.4662,-15.384,-4.269,0.0303,18.78,34.03,23.96,1.76,871.4,175.2,-36044.13,6158.78,1.882
0.805,-0.7155,-10.833,-12.929,0.0393,19.58,25.85,18.75,3.37,940.5,45.8,-26049.78,-7623.11,1.767
0.8748,0.0249,-5.478,4.498,0.0329,23.5,34.75,24.72,1.32,908.7,148.2,-4860.83,13803.58,1.388
0.4561,0.016,4.328,8.239,0.0385,17.89,23.8,34.65,1.52,850.1,128.9,12204.95,7963.11,1.424
-0.2227,-0.2353,1.613,15.549,0.0345,29.92,32.67,25.97,2.78,867.1,6.0,13530.58,19414.23,1.879
-0.7497,0.7793,-13.477,-7.961,0.0449,15.54,27.12,16.18,4.23,938.6,178.8,-33263.37,2968.17,1.658
0.4989,0.5895,-7.57,16.208,0.0396,22.0,41.63,45.78,4.01,874.1,137.4,6798.41,49000.56,2.234
0.1051,0.355,-9.405,-15.723,0.044,29.29,18.65,32.12,4.39,895.0,124.4,-18857.53,-7703.48,1.531
-0.1364,0.3858,-10.312,3.708,0.0417,25.09,71.21,4.53,3.28,910.9,75.9,-27153.39,35080.87,2.31
0.7314,-0.0689,-3.199,-15.943,0.0431,19.26,37.06,22.41,3.37,868.7,102.2,-27936.6,-26245.41,1.965
-0.6998,0.7578,7.345,14.176,0.0413,21.57,15.59,53.15,3.19,861.2,49.3,13850.35,6304.99,1.419
-0.0133,0.3503,-10.172,1.073,0.0342,26.72,35.39,45.44,3.18,886.5,11.2,-14257.84,7238.89,1.59
-0.8796,0.4122,-4.8,6.097,0.03,31.52,62.65,19.73,1.51,850.1,151.3,-4587.6,24662.97,1.803
-0.0564,0.651,-3.927,11.937,0.0324,30.08,3.53,56.32,2.9,859.8,161.9,243.82,2604.66,1.176
-0.7987,-0.4067,17.152,-12.589,0.0254,20.16,49.57,5.06,2.35,828.7,33.4,30560.47,-49958.4,2.74
-0.6861,0.5527,16.368,-16.611,0.0355,31.97,40.36,57.69,2.55,862.6,142.7,12397.63,-48833.76,2.472
-0.6885,-0.5486,10.805,13.64,0.0351,14.06,13.87,15.12,2.83,864.9,134.7,14960.19,6406.02,1.453
0.2686,-0.2784,-9.3,-6.662,0.0355,14.5,59.22,1.04,1.45,954.7,36.2,-43072.33,-4446.49,2.18
0.4429,-0.2959,-15.551,-13.357,0.0445,28.83,27.82,26.31,2.26,902.6,78.8,-31326.4,-3029.32,1.852
0.1501,0.8613,-6.591,-1.135,0.0432,17.59,22.57,21.86,1.22,930.2,79.0,-9418.87,5431.02,1.217
0.8319,0.6418,-8.395,3.539,0.0282,15.09,59.97,32.58,4.43,826.4,138.0,-22341.75,25336.23,1.932
-0.2252,0.3621,0.213,-16.885,0.0324,18.27,46.7,47.91,1.41,834.9,151.6,-22797.27,-46240.55,2.34
-0.3857,0.4087,9.998,-8.104,0.0335,21.67,64.88,50.62,1.9,934.0,21.6,18557.49,-41421.25,2.391
0.6635,0.1117,12.9,-16.819,0.0322,27.15,46.09,24.37,4.12,907.3,103.5,9017.36,-51900.58,2.629
-0.4975,0.8048,12.415,-2.868,0.041,25.24,53.86,26.08,2.69,846.7,138.3,28357.52,-29019.43,2.097
0.8338,-0.0067,-5.052,14.224,0.0355,18.28,60.55,9.32,1.47,876.7,142.6,11599.25,60499.18,2.403
-0.8781,-0.2151,6.74,17.375,0.0364,23.06,5.83,3.33,2.34,895.4,30.9,4829.84,3940.67,1.284
0.8458,-0.6065,-6.738,4.934,0.0421,30.67,56.32,38.65,1.41,938.1,97.0,-5892.52,23548.08,1.736
-0.8223,0.5152,-15.807,-12.181,0.0411,28.67,44.96,4.33,1.7,828.5,155.1,-52468.79,-2994.98,2.504
0.7041,0.422,7.256,14.611,0.0276,19.82,6.87,44.16,1.18,903.5,60.7,4813.86,4030.39,1.179
0.0499,-0.2082,-17.646,0.585,0.0393,31.68,37.6,32.58,2.53,920.4,79.4,-26909.82,17597.13,2.151
0.8873,-0.8547,-3.269,-12.465,0.0337,26.76,7.77,12.32,3.82,956.9,145.8,-4436.55,-3735.94,1.173
-0.7672,0.6102,-6.142,15.182,0.0309,15.12,53.52,32.6,3.05,933.0,20.6,5066.54,55463.18,2.468
0.0969,-0.8794,6.962,9.269,0.026,14.63,40.26,11.39,3.12,858.7,155.4,25796.84,16081.46,1.646
0.8447,0.3667,9.585,8.341,0.0347,17.03,68.75,26.6,1.7,919.3,59.5,54560.12,10306.3,2.414
0.0416,0.8465,-7.053,7.531,0.0321,27.1,14.82,48.07,2.2,926.9,5.3,-2328.21,6203.4,1.292
0.2329,-0.1122,11.219,-10.788,0.03,17.31,44.42,27.98,3.96,922.2,46.0,15139.71,-39235.22,2.185
0.3523,-0.477,-7.419,-10.404,0.0389,23.21,16.81,9.35,1.31,934.8,20.7,-10517.53,-5304.92,1.31
-0.0818,0.3688,-1.932,6.779,0.0404,15.68,44.98,43.57,4.0,946.5,21.2,6510.25,17381.27,1.45
0.2296,0.5708,8.173,-10.09,0.0299,30.58,52.59,11.61,2.69,833.8,126.2,6652.78,-33750.91,2.144
0.1518,0.0836,6.945,-2.208,0.026,20.19,52.56,44.44,3.93,834.7,42.4,14809.64,-14516.32,1.493
0.7221,0.8407,17.545,10.152,0.042,30.35,59.06,29.02,2.11,931.5,168.6,67930.79,-4636.89,2.938
-0.8182,-0.807,-9.894,10.222,0.0252,31.01,61.75,27.5,2.19,855.3,95.4,-18114.05,38737.65,2.552
-0.3943,0.0086,5.843,-1.683,0.0437,14.11,7.41,51.16,3.63,828.2,85.5,2326.32,-2739.5,1.147
0.8107,0.3932,3.949,10.519,0.0376,22.35,26.03,42.66,3.75,876.2,81.0,13740.17,9254.37,1.512
0.7025,0.6528,14.944,12.19,0.0314,14.44,50.1,2.46,1.8,934.8,126.2,63521.37,13541.39,2.626
-0.0798,-0.5773,-12.371,5.572,0.0299,30.36,36.9,18.12,4.41,837.7,84.1,-14422.74,17999.06,1.737
0.2162,0.54,9.065,-9.777,0.0252,23.33,15.35,52.32,1.3,914.1,27.5,3392.66,-10670.74,1.304
-0.4007,0.0949,2.458,-8.136,0.0297,15.35,40.69,1.59,1.24,820.5,159.0,-3497.76,-23097.7,1.562
-0.5614,-0.1862,-8.112,-6.666,0.0278,15.98,30.52,32.94,3.08,835.4,80.0,-19919.77,-6157.0,1.498
-0.0653,-0.6629,-0.92,-13.795,0.0372,20.9,29.3,43.81,3.53,869.1,18.0,-15021.4,-19215.24,1.658
-0.264,0.6575,-5.984,-8.166,0.0283,30.92,58.68,37.5,4.36,831.7,97.6,-26525.05,-13551.79,2.055
0.1506,-0.6169,2.855,-10.457,0.0356,26.47,30.53,45.75,2.42,938.4,118.3,-5168.26,-18541.8,1.525
-0.7601,-0.3424,14.004,-1.608,0.0368,29.62,3.85,43.68,1.09,941.0,53.2,2418.17,-1523.48,1.073
0.8539,-0.3779,2.495,14.704,0.031,20.6,6.06,41.68,3.11,925.8,145.1,3462.83,4076.78,1.188
0.8752,0.6685,4.742,-14.239,0.0257,14.78,61.94,49.38,2.01,853.9,122.2,-3916.28,-62435.41,2.478
0.3567,0.3109,0.675,7.93,0.0257,31.54,69.24,38.92,2.52,893.3,118.8,9663.16,22910.77,1.876
0.065,0.534,-16.158,6.742,0.0255,14.31,50.19,24.44,2.71,845.8,78.6,-38906.01,40494.25,2.428
-0.3429,-0.4492,-9.617,-14.553,0.0398,31.06,27.51,28.58,1.23,859.4,173.3,-24490.6,-10155.95,1.802
0.5648,0.2248,-0.288,15.213,0.0314,20.64,67.7,43.15,2.7,892.2,53.0,25683.99,55810.7,2.7
0.3325,0.1291,-6.832,2.465,0.0409,14.18,48.4,52.64,2.49,922.9,106.1,-12898.36,19481.4,1.57
-0.6073,0.5991,-11.457,-4.906,0.0336,26.4,61.1,16.7,3.49,833.3,59.1,-38355.46,3675.07,2.236
0.7397,0.731,0.149,9.235,0.0341,31.65,55.61,20.85,3.26,861.5,135.3,14386.11,21229.26,1.803
0.5806,-0.8781,-6.379,-8.735,0.0353,31.38,28.54,55.88,1.65,949.7,13.4,-12926.91,-6614.84,1.545
0.8096,0.3132,-8.708,6.966,0.0393,16.9,35.51,34.92,1.72,880.1,13.0,-8624.95,23450.61,1.643
0.4063,-0.8067,-1.297,-16.57,0.0305,17.26,15.03,11.15,1.88,951.4,146.9,-7807.99,-14717.61,1.447
0.2041,0.0879,-13.202,12.219,0.0274,24.18,22.44,39.99,1.63,958.8,81.0,-9879.2,21176.26,1.617
-0.1472,-0.3823,15.399,-1.866,0.0361,25.47,56.47,59.45,3.3,893.7,64.7,40535.38,-30751.44,2.427
0.7789,-0.3478,13.237,4.921,0.0315,27.31,64.58,49.5,4.48,860.3,111.3,48921.7,-5015.46,2.509
0.6589,-0.2647,7.474,-10.035,0.0338,17.26,52.71,44.87,3.28,930.7,127.8,4776.36,-44105.03,2.093
-0.8186,0.2183,-14.176,6.375,0.0379,31.26,34.56,12.88,3.12,842.3,40.2,-15556.6,20585.86,1.933
-0.8525,-0.2987,9.932,9.801,0.0349,25.5,8.06,52.63,2.43,855.3,37.5,5198.18,1783.22,1.166
-0.2224,0.4189,11.086,-0.964,0.0374,29.25,5.99,31.78,2.09,929.9,172.7,3072.82,-2491.13,1.148
0.559,-0.1719,9.64,4.238,0.0359,23.72,28.2,53.41,4.19,880.7,108.2,17176.88,-2473.99,1.514
0.8771,-0.777,-13.897,-1.572,0.0398,21.46,34.47,20.12,4.39,848.2,73.3,-27331.35,12415.49,1.798
-0.6292,0.5108,5.181,14.187,0.0391,31.59,44.64,4.19,2.74,911.2,145.3,28340.93,23779.78,2.076
0.1694,-0.3856,12.036,-0.077,0.0357,24.48,2.45,28.82,2.02,922.6,96.9,1130.7,-1004.35,1.087
-0.2144,-0.121,2.785,12.305,0.0386,29.6,71.28,16.56,3.7,837.5,47.3,32568.77,31835.02,2.453
0.8458,0.3338,5.271,10.849,0.0425,31.16,27.48,43.06,1.46,858.8,41.2,14193.13,7736.59,1.551
0.6158,-0.3016,-1.499,-3.222,0.0336,26.16,61.37,57.45,3.68,851.0,74.5,-9547.21,-6009.18,1.361
0.609,-0.7981,1.033,-9.717,0.0333,23.88,39.45,41.61,3.87,873.2,155.5,-10038.16,-21744.0,1.632
-0.0564,-0.2269,-16.762,-3.381,0.0403,14.06,11.13,53.27,1.44,926.9,15.8,-11877.22,4586.05,1.298
-0.1533,0.8,5.003,11.744,0.0367,14.72,57.83,27.45,4.42,919.9,43.2,38405.61,28737.93,2.189
-0.4079,0.2551,-15.068,-9.805,0.0264,17.62,51.69,46.41,4.45,912.8,161.3,-59547.57,-11863.83,2.468
-0.7985,0.3087,-2.339,0.88,0.0428,17.35,38.92,50.66,4.28,820.9,26.3,-2916.11,6005.02,1.232
0.6565,0.2381,-7.464,11.019,0.0256,18.59,38.02,42.8,2.74,839.9,115.2,-5643.34,31500.85,1.819
0.5632,-0.5418,1.635,-5.275,0.04,19.49,8.12,30.71,1.86,851.3,42.4,-1000.27,-2270.22,1.068
0.8995,-0.147,-13.197,5.12,0.0402,20.48,47.91,37.74,3.04,858.1,111.0,-27211.19,35502.52,2.124
0.8939,0.4517,6.899,-9.157,0.0441,21.57,65.79,42.18,2.47,840.5,72.0,1836.52,-50389.43,2.312
0.0998,-0.7175,10.62,-14.066,0.0261,15.78,8.53,15.56,1.72,877.4,22.8,1871.59,-8567.99,1.347
0.4842,-0.3999,-12.119,10.598,0.0369,14.76,20.45,48.67,2.48,830.5,106.9,-7769.44,21366.46,1.557
0.8006,-0.4026,-14.245,-14.437,0.0336,26.13,65.16,57.04,3.32,925.0,124.5,-71963.33,-22520.88,3.195
0.6294,-0.1224,-12.761,-8.23,0.0316,23.67,21.9,28.18,1.25,930.3,124.0,-19164.81,-3334.31,1.498
-0.4548,0.8647,13.577,12.784,0.0268,21.99,47.78,42.21,2.17,900.4,116.5,48654.14,18690.97,2.413
-0.089,-0.7785,1.015,-5.527,0.0363,25.42,39.44,44.35,1.06,832.6,92.5,-4900.86,-12538.79,1.281
-0.6675,0.0337,-1.179,17.03,0.0346,28.9,43.74,39.9,3.62,944.6,95.9,16289.8,35691.6,2.205
0.8173,-0.5771,-14.158,17.27,0.0271,21.7,31.11,33.05,3.24,955.2,116.2,-10317.7,40388.18,2.053
0.1911,0.8472,5.384,-8.342,0.0372,25.54,23.0,52.96,1.22,848.3,125.8,264.95,-13489.68,1.435
-0.4884,-0.6961,13.248,-16.525,0.0398,31.16,5.4,27.21,4.38,918.6,119.6,301.66,-5628.64,1.212
0.3091,-0.1735,11.815,7.382,0.0403,29.11,54.1,4.14,1.08,937.9,107.7,40060.09,-1848.13,2.244
0.2126,0.4282,4.538,-1.764,0.0431,21.67,54.23,50.75,3.06,895.6,32.3,7664.08,-12194.54,1.496
-0.2553,0.3682,-15.29,-14.373,0.0332,25.6,48.95,40.6,3.72,865.3,41.9,-52300.85,-15753.98,2.658
-0.6956,-0.1391,-13.954,7.471,0.0441,17.19,47.05,51.03,3.76,887.0,50.5,-21161.29,45443.61,2.2
0.3088,-0.2763,-16.225,-16.878,0.0423,24.09,19.06,8.74,1.12,891.7,165.9,-28177.61,-5289.04,1.647
0.0366,-0.1843,-8.731,13.327,0.0309,31.66,3.56,2.33,4.17,876.1,137.9,-583.97,2998.17,1.133
0.4902,-0.4243,-13.116,-13.009,0.0282,23.33,58.61,56.1,4.21,950.2,101.8,-58319.13,-22255.95,2.764
0.0363,-0.5304,-8.638,-13.417,0.0337,30.7,36.38,9.29,2.96,924.1,49.1,-23714.43,-14643.07,1.968
0.6339,-0.0305,-4.138,-11.676,0.033,21.33,23.48,48.67,2.69,853.8,24.4,-12851.08,-11205.9,1.535
0.0934,-0.4166,15.947,16.57,0.0365,31.98,9.14,49.48,1.16,902.0,162.3,10646.16,3564.86,1.419
0.1097,-0.3826,3.974,6.954,0.0367,24.43,6.39,42.67,2.97,916.4,161.2,2915.03,1518.89,1.084
0.678,0.2822,12.059,10.849,0.04,14.76,26.42,8.31,2.43,839.6,24.4,28558.66,3191.95,1.734
-0.1737,0.8434,7.573,-3.685,0.0352,24.56,58.33,40.21,3.7,870.2,144.5,15687.6,-25197.74,1.774
-0.6588,0.1865,-13.95,-5.893,0.0271,18.94,66.31,53.4,2.41,946.8,83.2,-60809.52,2017.73,2.758
-0.8482,-0.7614,8.493,-9.559,0.0422,14.58,64.77,25.82,3.39,899.4,61.7,5164.77,-55818.23,2.372
0.4592,-0.7639,-8.096,-0.697,0.0312,28.78,66.4,25.1,1.35,850.4,134.3,-25410.7,9260.07,1.903
0.2166,0.8126,5.008,1.866,0.0444,18.96,65.54,26.85,1.47,837.2,112.5,23425.76,-8968.24,1.563
0.3673,-0.3649,-5.725,4.744,0.0274,28.34,38.91,5.4,1.49,892.6,141.5,-4156.18,12884.17,1.542
-0.5167,-0.7343,17.916,-8.744,0.0442,19.19,17.36,53.58,1.16,896.7,18.0,10488.38,-20214.55,1.587
-0.6545,0.1783,-8.512,16.152,0.0268,17.5,57.86,52.22,2.89,866.8,60.8,-5380.49,63631.42,2.799
-0.8738,0.2226,-7.951,-11.889,0.0296,31.53,16.96,59.88,3.78,908.3,60.9,-10255.88,-4261.58,1.422
-0.2689,0.2673,15.504,16.764,0.0259,20.51,20.7,35.32,3.14,829.6,62.7,23397.87,10424.91,1.777
0.1619,-0.4187,-17.113,-17.465,0.0391,24.82,18.33,45.2,3.01,840.3,92.9,-25432.83,-6206.11,1.793
-0.194,-0.8728,7.081,-0.679,0.042,24.98,38.05,12.56,3.38,896.5,54.5,13452.23,-8630.11,1.468
-0.1125,0.837,8.112,-5.999,0.0337,24.09,24.53,40.22,2.19,828.7,82.8,6669.03,-11987.04,1.364
0.7275,-0.4484,12.11,-1.832,0.0436,30.46,12.79,39.16,2.27,943.3,69.4,6403.23,-5763.24,1.212
-0.2731,0.3168,17.08,2.544,0.0368,26.14,33.72,54.12,2.1,839.9,133.7,31646.75,-12976.66,1.978
0.0252,0.3719,17.122,-2.319,0.0376,21.27,63.17,49.93,3.49,914.3,110.6,53553.31,-44384.77,2.865
0.5106,0.198,-15.65,-3.066,0.0419,29.52,41.94,56.34,1.57,874.8,119.4,-36457.25,14414.92,2.197
-0.1862,-0.3368,11.586,8.378,0.0309,17.26,63.48,52.2,1.05,876.0,41.9,55219.91,9302.24,2.424
0.2198,-0.412,5.267,6.692,0.0321,23.8,15.71,52.19,3.09,927.1,62.0,6268.26,3572.07,1.224
0.6523,0.1758,5.304,11.998,0.0431,31.11,13.69,4.29,4.3,889.9,8.7,6974.29,4036.43,1.324
0.8091,0.659,-13.379,-9.001,0.043,25.26,42.29,50.83,3.13,921.6,24.0,-38060.81,589.93,2.151
-0.6353,0.8041,5.407,3.943,0.0445,28.71,34.43,36.64,3.74,890.7,51.4,11640.98,-1120.76,1.434
0.7679,-0.7094,17.369,3.067,0.043,25.76,48.21,23.14,3.35,903.0,16.5,41227.64,-19367.75,2.45
-0.0142,-0.6213,14.825,-4.689,0.0275,29.11,57.62,3.86,2.74,926.5,110.5,34502.47,-29359.83,2.444
-0.4352,0.8005,-2.191,-0.502,0.0415,31.0,54.59,40.82,3.51,905.0,179.7,-6590.27,3354.31,1.154
-0.0736,0.4258,-16.562,-6.704,0.0332,18.91,67.96,20.03,3.88,906.2,22.6,-71083.43,6001.08,3.039
0.8641,0.6894,-4.957,-12.894,0.0448,17.05,29.88,28.33,1.79,930.5,148.7,-26318.06,-15869.69,1.737
-0.0133,-0.5353,11.75,-10.303,0.0344,22.71,16.45,41.06,2.18,952.9,25.8,4663.96,-13795.49,1.436
-0.3082,0.1577,7.254,-14.202,0.0361,26.63,40.56,54.75,1.78,872.7,122.2,-3085.05,-35731.34,1.999
0.2401,0.3621,-1.464,6.591,0.0356,18.09,9.75,49.61,2.58,900.8,117.6,1024.93,3873.63,1.057
-0.4677,0.3242,-16.016,5.786,0.0314,14.07,22.22,27.31,4.1,832.1,163.0,-18315.24,18372.23,1.665
-0.7634,-0.1653,-2.632,16.222,0.0265,20.17,16.55,23.57,2.21,870.2,24.9,2593.41,14620.88,1.436
-0.668,-0.8723,-1.115,8.268,0.0429,31.44,29.76,14.77,2.31,877.7,60.2,5127.72,11150.53,1.42
-0.6695,0.1493,15.428,-16.126,0.0411,26.51,9.79,22.66,4.01,936.9,20.9,2324.11,-11361.4,1.417
-0.6266,-0.4444,5.079,13.833,0.0278,21.22,4.23,7.11,2.8,891.9,76.3,2057.92,2415.23,1.044
-0.6501,-0.0895,-6.78,13.056,0.0405,17.47,47.98,58.28,2.87,922.3,164.5,7106.45,48980.33,2.156
0.2536,0.8236,0.911,-2.04,0.0375,20.41,44.72,34.65,4.01,822.7,141.8,168.57,-6944.56,1.14
-0.5726,-0.1817,-15.622,3.091,0.0332,17.06,51.59,8.1,2.72,885.0,131.5,-42826.0,34157.04,2.387
-0.2778,0.6116,17.012,17.139,0.0301,15.91,48.23,21.49,3.39,946.2,98.3,70860.89,24796.36,2.98
0.7142,-0.5606,-5.038,1.163,0.0422,30.32,10.0,33.05,1.3,851.4,159.6,-1743.02,2599.44,1.012
-0.0469,0.3104,-0.797,14.592,0.039,31.96,22.38,32.21,1.63,824.4,83.7,6940.39,13556.28,1.545
0.3016,0.8586,-5.21,-15.011,0.036,16.95,11.07,2.61,2.42,880.7,31.2,-9298.8,-7080.44,1.337
-0.5898,-0.7166,6.57,-11.122,0.0372,14.98,61.01,57.08,2.73,918.6,151.6,-1214.87,-55809.48,2.221
-0.5539,-0.885,5.84,-2.133,0.0268,19.94,54.28,16.88,4.38,883.6,53.9,13171.7,-11935.8,1.559
-0.8264,-0.1196,7.752,3.051,0.0345,22.31,16.11,1.46,4.4,884.4,14.4,7194.6,-397.97,1.163
-0.5959,-0.7333,-8.347,11.384,0.0289,17.69,25.89,5.05,3.98,913.8,27.1,-4720.51,21602.93,1.577
-0.3985,0.4471,-6.636,17.577,0.0292,19.43,69.66,35.02,2.1,855.6,111.6,7517.26,81276.88,3.056
-0.5814,0.7462,-13.491,-4.001,0.0382,17.62,43.59,8.7,4.37,925.3,111.2,-40815.12,9792.08,2.092
-0.7403,-0.1188,5.598,-16.293,0.0432,27.94,58.08,2.98,3.41,841.4,50.5,-16399.9,-53097.36,2.65
-0.6829,-0.4343,-16.567,10.842,0.0331,26.83,20.52,23.09,2.38,875.4,132.3,-10769.09,19500.93,1.637
-0.0706,-0.1181,3.517,3.758,0.0292,25.43,16.7,37.55,3.46,911.8,140.4,3643.06,2089.87,1.16
-0.5286,0.4022,13.309,-10.852,0.038,20.97,56.87,7.15,1.06,936.0,166.1,19926.24,-60854.87,2.576
-0.2443,-0.8837,14.07,-0.186,0.0424,30.36,50.01,19.14,1.51,930.8,107.4,30978.09,-21166.06,2.116
0.0062,0.161,-1.835,8.723,0.04,31.45,49.67,25.36,3.9,921.0,141.4,7619.78,22750.76,1.813
0.3427,0.2039,-1.465,9.735,0.0424,17.13,40.68,9.99,3.26,870.3,136.8,12381.29,24107.42,1.758
-0.8292,0.2478,-15.229,-0.014,0.0357,18.01,41.45,30.61,2.27,837.1,50.1,-34577.9,19581.05,2.022
0.5389,-0.4644,6.148,-7.012,0.04,23.46,53.5,5.57,2.75,850.4,59.3,2753.54,-28275.09,1.885
0.2302,0.3853,11.565,17.055,0.0278,15.64,20.9,3.27,4.17,941.1,88.7,22039.62,14507.93,1.736
-0.7528,-0.7355,-9.192,5.881,0.032,21.86,26.69,31.43,3.21,940.0,8.3,-7695.91,13193.17,1.415
0.6724,-0.5413,-2.833,-3.303,0.0328,24.47,63.01,15.25,2.39,953.2,57.0,-14802.67,-3389.82,1.411
0.7576,0.6794,12.198,-7.903,0.0352,23.4,23.62,6.17,1.42,830.6,87.9,9033.52,-17650.82,1.65
-0.7901,0.4297,13.576,8.32,0.0436,19.96,40.24,25.72,2.03,895.2,23.9,38824.76,-2734.26,1.997
-0.4016,-0.8753,-9.246,-9.281,0.0425,23.76,51.18,54.95,4.42,910.8,27.1,-37639.86,-7551.34,2.232
0.5512,-0.4529,1.821,-11.818,0.0277,31.26,71.99,43.59,2.53,919.5,86.1,-10943.56,-38433.6,2.406
0.4469,-0.5141,-11.07,1.074,0.0285,17.71,32.47,49.03,2.65,910.1,132.9,-19634.39,10712.18,1.681
-0.5679,-0.4125,-14.332,-7.56,0.0322,25.79,31.97,52.38,2.75,927.8,150.9,-30672.16,107.76,1.848
-0.5232,-0.4544,14.8,4.641,0.0308,14.78,60.98,58.37,4.09,870.3,100.6,63514.32,-9126.91,2.616
-0.2332,-0.7875,11.538,-13.754,0.0373,15.2,58.39,45.91,3.11,845.1,88.1,8969.34,-70787.91,2.817
-0.0279,-0.0739,9.361,5.578,0.0431,23.93,53.18,36.7,3.43,848.6,72.2,33730.66,-2526.09,2.035
0.2129,0.4189,-16.244,-7.801,0.0442,15.89,34.43,22.24,2.36,821.7,38.8,-40398.76,7553.14,2.005
-0.236,0.1921,12.374,-17.991,0.0381,14.4,24.68,11.31,1.1,869.0,30.6,2240.27,-35624.96,1.855
-0.0674,0.3112,-2.23,-13.43,0.0418,17.09,44.61,41.36,4.26,832.8,143.6,-30566.43,-30775.6,2.008
0.4454,-0.7539,-5.674,15.61,0.0355,24.17,63.34,59.7,4.32,865.0,86.4,9321.84,59583.31,2.688
-0.834,0.8127,1.673,13.225,0.0292,26.66,63.86,28.31,4.32,907.9,143.3,24079.77,40094.88,2.431
-0.4456,0.6093,-14.711,-9.59,0.0355,17.64,9.59,43.56,4.3,945.2,128.2,-10941.79,-631.94,1.24
0.384,0.5492,9.239,10.021,0.0361,26.03,31.98,29.96,3.85,937.5,38.9,21380.74,5757.81,1.781
0.7114,0.5814,2.968,3.909,0.0398,17.28,34.53,26.2,3.4,855.4,94.3,10501.69,3215.45,1.254
0.021,0.7789,-11.283,16.953,0.0294,25.04,70.43,24.91,3.96,838.8,82.7,-11444.49,77944.18,3.303
0.0578,0.0797,-11.224,-4.55,0.0324,21.42,49.46,30.53,3.1,847.0,79.2,-32282.87,3552.91,2.068
-0.7071,-0.5395,-11.367,6.533,0.0323,25.77,30.51,22.33,1.47,955.9,99.9,-11581.03,19349.13,1.676
-0.0947,0.2102,-15.948,-15.713,0.0442,31.91,3.82,45.05,2.37,896.9,176.9,-5075.61,-574.99,1.144
0.0587,0.4372,3.161,-3.735,0.0339,30.88,41.58,52.52,4.4,845.6,147.3,362.37,-10921.96,1.394
-0.4636,0.4283,12.253,16.697,0.0401,14.08,8.73,53.03,2.23,937.7,163.1,12481.78,4710.69,1.345
-0.4154,0.0386,-17.37,1.403,0.04,29.94,60.41,14.05,4.04,875.3,10.2,-40583.11,30788.23,2.717
-0.2209,-0.7768,-16.236,-7.636,0.0303,15.2,54.68,53.81,1.33,945.9,29.6,-63605.63,638.61,2.613
-0.8639,-0.232,2.62,-13.67,0.0364,31.15,34.24,20.82,2.17,856.5,19.8,-8109.02,-20806.19,1.739
-0.3203,0.7574,11.502,7.327,0.0429,19.07,32.04,18.9,2.23,875.1,51.1,27957.29,-786.06,1.655
-0.5194,0.152,-6.237,5.215,0.0345,20.88,64.81,43.74,1.18,890.7,82.3,-11306.24,29258.7,1.907
-0.3105,0.069,-5.414,-4.538,0.0439,15.65,22.19,18.63,1.42,945.0,117.4,-10222.16,293.49,1.281
-0.6844,-0.4161,3.468,16.234,0.0293,16.02,19.43,3.65,1.68,941.6,92.6,11488.62,16711.33,1.576
0.7029,-0.2368,-8.128,-17.201,0.0265,27.08,67.74,22.73,3.93,900.4,163.1,-52809.26,-49285.98,3.212
0.1685,0.7116,-17.042,-7.066,0.0428,31.0,58.65,43.43,1.22,851.0,169.5,-59361.39,12696.21,2.842
0.3224,0.2996,8.468,15.159,0.042,24.99,59.44,19.95,2.05,876.5,33.6,52744.54,26427.45,2.763
0.5205,0.5173,4.523,-6.446,0.0449,26.89,15.66,37.96,1.04,956.6,154.3,-1230.83,-8362.24,1.102
-0.0028,-0.0822,2.907,-8.919,0.0386,27.72,12.03,39.78,3.43,905.1,89.3,-1371.85,-6559.78,1.173
-0.7435,0.2344,8.701,1.232,0.0437,18.73,3.82,44.16,3.17,929.4,84.3,1724.94,-1034.78,1.104
0.0668,-0.4529,6.308,11.657,0.0415,14.81,18.59,53.88,3.26,883.0,142.4,14991.41,8810.63,1.352
0.1563,0.3698,-10.588,-14.287,0.0419,14.03,56.19,26.24,2.31,894.5,21.3,-64089.83,-20678.97,2.67
0.4418,-0.1303,-5.311,15.949,0.0364,20.31,18.8,10.4,1.73,880.1,159.4,3734.96,20199.08,1.553
-0.123,-0.1034,-13.46,10.623,0.0326,18.35,53.04,19.48,3.52,918.4,122.4,-22982.51,54782.71,2.538
-0.6704,0.2688,-13.325,-11.475,0.0437,15.12,19.63,26.21,3.84,939.2,158.2,-25335.77,-2309.91,1.594
-0.3892,0.7853,6.343,7.632,0.0336,17.23,29.67,42.98,1.49,891.0,179.0,17658.32,5997.7,1.521
-0.2465,-0.7848,12.91,-4.141,0.0358,16.24,70.82,1.28,2.7,887.3,95.7,41591.36,-47151.33,2.609
0.2627,0.5845,16.658,-3.517,0.0339,30.47,19.14,19.29,1.87,867.6,21.3,11343.49,-10311.01,1.47
0.1274,-0.3737,4.62,10.198,0.0363,16.52,28.35,46.9,1.59,844.8,34.1,16165.38,12020.74,1.554
-0.259,-0.1009,-11.372,16.66,0.0344,23.68,23.08,40.42,3.57,951.5,61.6,-1778.49,26149.15,1.79
0.8757,-0.8606,-14.197,-13.44,0.026,24.68,9.67,44.04,2.88,864.3,23.1,-8707.76,-4087.1,1.243
0.1904,-0.3581,11.263,-2.857,0.0426,23.78,36.29,48.8,1.76,932.1,147.7,17352.23,-21603.11,1.772
-0.473,0.0047,2.835,-0.686,0.0339,15.78,28.51,47.1,2.09,920.1,57.0,3338.82,-3504.04,1.165
-0.7168,-0.7989,4.258,-4.453,0.0368,19.74,50.64,41.09,4.38,930.7,175.8,2173.82,-22383.03,1.451
-0.6249,-0.016,10.133,-4.925,0.0278,14.92,59.23,26.66,3.97,951.1,128.0,29688.81,-34355.07,2.071
-0.4573,0.7688,7.318,-16.118,0.0251,21.12,40.1,59.02,4.08,907.3,35.4,1487.12,-38877.24,2.155
-0.6108,-0.7103,12.04,6.679,0.0299,17.39,4.25,34.36,2.61,945.7,88.3,4136.73,-113.74,1.069
-0.5642,0.476,-15.976,-2.296,0.0391,24.11,45.32,12.56,3.18,843.5,86.7,-38951.83,18613.2,2.234
-0.3868,-0.1626,8.911,-10.987,0.027,26.47,5.88,17.92,2.32,907.7,91.2,1921.53,-3778.8,1.09
-0.5879,0.2793,12.631,11.377,0.0432,23.58,45.14,41.77,1.27,928.1,98.7,47517.56,4602.96,2.335
0.7142,-0.4316,-7.699,10.892,0.0293,21.82,49.95,55.52,2.4,858.0,10.5,-7745.38,34926.35,2.163
-0.7556,-0.6129,5.056,-0.49,0.0291,20.97,15.84,11.13,3.08,923.7,125.1,3573.3,-1857.86,1.165
0.0441,-0.6112,-6.69,-7.256,0.0286,29.15,59.35,5.4,2.01,929.0,90.3,-27005.36,-10981.09,1.979
-0.1613,-0.7731,16.487,4.971,0.0253,17.95,65.78,52.95,3.97,936.4,143.4,71031.09,-8038.33,2.935
0.8683,-0.5658,-16.797,-7.627,0.0404,27.22,58.92,54.96,1.53,863.8,147.7,-64086.75,9709.68,2.798
-0.6983,0.2956,2.873,-9.504,0.0425,27.63,23.36,16.94,2.28,915.4,45.3,-4896.94,-12240.48,1.35
-0.1839,0.687,-12.006,8.299,0.0373,21.55,43.07,22.95,1.44,862.6,13.5,-14576.14,33612.13,2.107
0.845,0.5654,7.64,-16.548,0.0288,19.35,66.04,39.78,2.42,923.5,128.1,566.93,-74732.12,3.022
0.6579,0.3332,-11.668,-14.588,0.0307,22.47,24.45,20.13,1.14,884.8,176.1,-26584.16,-12430.67,1.727
0.5707,-0.7012,-9.526,-17.756,0.0345,15.68,59.4,52.69,1.95,903.7,83.2,-64321.6,-42819.51,2.974
-0.4358,-0.3795,-0.203,-12.494,0.0441,14.83,2.66,6.9,2.4,878.2,50.4,-1358.18,-2140.33,1.019
-0.5924,-0.3423,14.934,-15.516,0.0299,16.01,2.26,2.76,2.67,842.7,32.4,766.2,-3013.03,1.182
0.3036,-0.4501,-10.378,17.849,0.0396,17.37,55.18,12.9,2.9,844.9,55.3,1328.51,75522.01,2.899
0.7729,0.027,-12.807,-7.603,0.0338,23.08,55.3,17.52,1.96,830.9,62.4,-46509.01,-1647.53,2.381
0.1022,0.064,9.323,-12.626,0.031,29.28,57.23,7.22,2.83,906.5,79.2,7583.27,-43373.19,2.533
0.1289,-0.2576,0.022,-9.324,0.0341,18.24,67.1,4.41,2.78,938.8,119.7,-18525.32,-34445.15,1.982
-0.396,-0.2632,14.824,15.701,0.0264,30.83,10.25,45.46,2.11,822.9,52.8,9349.1,4826.17,1.424
0.4851,0.5914,-12.722,0.726,0.041,31.19,18.24,10.27,3.91,829.3,13.9,-9499.95,5358.68,1.357
-0.5633,0.5207,5.253,-4.867,0.0299,31.26,65.26,54.88,2.91,884.0,70.3,9593.29,-20271.42,1.87
-0.3174,-0.346,-9.616,13.442,0.0395,29.08,14.41,22.4,2.16,923.3,154.7,-442.47,14526.15,1.381
-0.1342,0.7448,-12.357,-3.78,0.0264,20.55,49.76,40.4,4.32,842.1,92.2,-37594.14,4868.47,2.123
0.0137,0.8151,6.603,-5.94,0.0441,15.31,39.13,13.91,3.96,858.0,173.8,5216.1,-23951.18,1.454
-0.4637,-0.3119,3.373,-10.538,0.0289,24.24,7.82,14.8,4.44,852.5,93.1,-408.93,-4718.75,1.086
-0.6933,-0.262,9.174,-4.399,0.0427,24.06,21.97,34.7,3.42,875.9,53.3,5194.66,-11598.04,1.358
0.1991,0.0101,-6.859,-6.599,0.0412,29.3,38.43,33.86,2.32,851.5,38.8,-17955.26,-3930.61,1.508
-0.3805,0.794,-1.873,6.383,0.0444,31.93,61.66,46.24,1.98,869.4,126.5,7177.56,18776.43,1.714
0.1462,0.6774,-3.403,-7.575,0.0346,23.15,51.53,45.59,3.32,922.0,98.9,-19325.05,-13493.68,1.729
-0.6221,-0.7154,17.427,2.779,0.0395,20.21,45.53,40.41,4.43,905.5,110.7,46784.16,-20235.01,2.29
-0.0339,-0.1931,-7.479,-15.628,0.0324,17.35,36.72,27.22,3.19,831.4,137.1,-34272.79,-25464.9,2.06
0.0587,0.0961,-7.387,-11.114,0.0287,14.09,22.91,53.49,4.09,909.3,132.0,-16430.75,-10496.25,1.55
-0.8067,0.0056,-5.236,-3.333,0.0339,23.16,10.35,37.54,2.15,886.8,12.6,-2733.21,-82.38,1.002
-0.2941,-0.551,2.325,15.73,0.0283,24.0,30.64,59.42,2.42,950.8,145.5,12656.95,24766.49,1.748
-0.6581,0.6459,-8.916,-4.419,0.0446,28.85,4.0,49.25,4.17,860.5,98.2,-1813.67,684.95,1.05
-0.7859,0.3185,14.95,5.907,0.0269,23.08,16.77,3.14,3.65,921.7,73.5,14883.55,-1077.95,1.451
0.8819,0.6082,-8.435,-8.817,0.0368,30.5,32.27,19.58,4.43,922.3,99.1,-20063.19,-5063.41,1.653
-0.3198,0.6458,14.249,-13.427,0.0375,25.31,31.3,34.53,3.71,851.0,112.2,8757.0,-35901.46,2.066
0.5578,0.447,-14.275,-15.893,0.0358,29.13,5.1,43.43,2.57,946.5,31.2,-5437.71,-1641.36,1.205
-0.4416,-0.1094,5.636,-7.005,0.0382,16.67,43.23,33.25,2.86,888.8,78.0,2068.3,-24368.32,1.683
0.3267,0.199,14.651,-12.324,0.0273,29.4,40.48,47.27,4.15,915.0,63.7,15781.23,-35021.19,2.222
0.4684,-0.6113,-11.925,-11.736,0.0361,26.15,7.47,17.32,2.93,840.4,66.3,-7141.13,-1852.74,1.215
0.1721,0.3126,16.86,9.387,0.0307,17.06,68.02,11.44,1.89,856.1,21.0,77567.93,4170.51,3.172
-0.0512,-0.5773,-1.696,-17.43,0.0438,17.42,8.96,3.71,2.52,902.1,33.0,-6569.25,-7585.68,1.335
-0.1587,0.3491,16.046,2.081,0.0402,30.68,61.84,34.61,2.81,864.7,33.3,44141.71,-21650.67,2.676
-0.272,-0.4867,6.366,-4.339,0.0445,14.58,2.02,41.47,1.34,890.0,70.3,459.49,-1265.55,0.993
0.7732,-0.6884,-7.143,0.236,0.0258,22.33,63.76,19.91,3.6,872.4,161.5,-24103.37,11141.88,1.802
0.5951,-0.6025,-11.221,2.262,0.0307,19.64,3.38,37.01,1.38,909.7,41.1,-2118.05,912.96,1.093
0.837,-0.8964,-7.066,-6.719,0.0289,25.97,55.05,3.6,2.42,888.2,77.8,-25995.49,-9021.23,1.853
-0.6763,0.3937,-14.651,-7.376,0.0252,29.11,27.32,6.41,3.82,820.6,59.5,-22296.73,-2202.49,1.729
0.4156,0.4183,-12.821,8.402,0.0298,20.49,53.68,42.25,2.64,911.0,142.8,-25876.14,43715.5,2.355
0.789,0.0269,-14.232,13.366,0.0386,21.68,30.12,22.4,3.95,879.1,13.8,-9636.45,32149.98,2.042
-0.5738,-0.6095,-2.774,-11.067,0.0296,31.67,6.96,40.44,2.2,867.8,39.4,-2549.59,-3336.83,1.143
-0.7803,-0.7496,10.641,-14.486,0.0352,28.11,55.73,49.99,4.35,833.2,41.9,5631.75,-50934.48,2.706
0.434,-0.8656,-12.91,14.321,0.0428,30.15,6.99,51.23,1.73,850.9,178.8,-727.83,8207.12,1.2
0.1341,-0.6017,-13.308,-5.404,0.0389,21.9,66.55,10.74,1.13,851.3,104.9,-57927.72,12064.73,2.61
0.6153,0.7035,5.163,1.847,0.0329,18.21,5.57,29.43,4.05,951.0,29.3,1725.46,571.96,1.116
-0.6484,-0.4652,-10.901,-5.056,0.0324,21.41,35.55,44.17,3.63,880.6,52.6,-22624.9,2754.47,1.694
0.5315,-0.2623,-14.486,-13.471,0.0341,26.89,52.61,46.55,1.81,825.9,34.4,-53932.67,-14520.43,2.74
-0.5371,-0.7104,-11.993,3.216,0.0285,15.97,29.53,47.19,4.45,839.4,26.8,-17820.14,13766.13,1.543
-0.6054,-0.4997,15.254,0.905,0.0377,18.87,17.21,14.08,2.76,831.1,144.5,14850.69,-8283.2,1.4
-0.6043,0.0346,11.573,-10.692,0.0323,14.84,55.14,11.96,4.33,902.4,91.8,17629.05,-54356.71,2.431
0.5662,0.194,-5.254,-1.733,0.042,21.78,56.9,35.61,2.77,846.1,115.5,-19213.9,6004.46,1.472
0.2974,-0.4584,5.61,10.69,0.0401,28.89,66.59,44.59,2.65,889.8,63.0,37481.25,23137.34,2.406
0.0415,-0.7961,1.342,3.255,0.0372,14.44,28.33,19.49,2.57,871.8,101.9,4894.66,2802.41,1.124
-0.2541,-0.1961,6.376,-14.511,0.0323,26.16,37.44,6.73,2.17,932.5,50.1,-2298.2,-31654.18,2.028
0.679,-0.4784,6.576,1.729,0.0292,30.78,27.42,43.15,2.87,864.9,58.9,6959.35,-371.01,1.32
-0.1936,-0.5048,4.634,7.299,0.0405,18.26,20.0,18.33,2.58,884.2,119.1,9934.35,4102.01,1.29
0.5699,0.8278,-8.42,10.537,0.0347,26.49,54.57,10.4,1.13,921.0,31.3,-6584.3,37815.0,2.301
-0.1096,0.2093,-16.596,4.648,0.0295,31.55,25.78,9.29,1.91,880.7,113.0,-16115.9,15134.11,1.627
-0.2215,0.1024,-1.6,-12.504,0.0289,31.32,31.97,19.24,1.75,931.1,154.1,-12418.97,-17007.37,1.662
-0.0672,-0.1516,14.075,7.566,0.0283,18.23,30.26,35.76,4.04,912.6,26.1,27733.88,2108.39,1.752
-0.3575,-0.1279,2.502,6.384,0.0405,15.81,51.89,21.82,3.1,877.5,162.1,21896.27,14952.72,1.495
0.4457,0.0736,11.966,-17.121,0.0296,16.67,66.25,1.73,3.67,890.6,18.9,13636.28,-83172.3,3.246
0.0049,0.3536,17.698,-3.177,0.0355,26.64,48.67,6.27,4.35,955.4,66.1,33883.22,-30726.75,2.46
-0.482,0.3639,-12.11,-6.014,0.034,27.06,35.01,17.78,3.25,912.6,111.8,-24822.92,1593.09,1.753
0.7192,-0.591,6.904,6.099,0.0366,26.14,56.54,39.75,4.44,946.7,102.9,29208.29,2744.83,1.913
-0.209,0.0002,6.275,-10.219,0.0425,20.05,46.87,6.36,2.09,845.0,21.9,-1226.83,-32404.47,1.926
0.0784,-0.1585,17.278,3.271,0.0424,17.06,6.24,33.86,1.65,887.7,144.8,6487.3,-3045.81,1.167
0.7316,0.6669,17.482,14.875,0.034,24.45,8.7,7.63,2.41,947.2,175.3,12717.21,2602.58,1.317
0.2236,0.2366,6.72,10.721,0.0253,22.71,4.65,13.09,2.65,865.2,36.7,2283.23,1303.22,1.093
-0.6896,0.0585,-9.23,15.172,0.0335,27.12,33.98,10.75,4.13,955.5,161.6,-2299.47,33660.9,1.985
0.7917,-0.6923,10.748,17.226,0.0371,21.94,59.81,4.5,2.96,833.6,102.4,65549.56,33643.6,2.981
0.2299,0.1901,-14.147,-17.616,0.0362,20.1,23.92,40.44,2.02,946.4,168.8,-32948.34,-12415.95,1.95
-0.2972,-0.689,10.105,4.419,0.038,19.28,28.89,28.07,3.6,882.3,35.8,18773.26,-4489.78,1.5
-0.6493,-0.293,14.767,-3.138,0.0281,17.81,65.66,49.95,2.77,830.3,143.6,52286.21,-36812.71,2.633
0.5292,-0.6429,-4.218,12.955,0.0379,18.78,60.58,6.38,1.57,943.1,15.5,11800.32,47609.38,2.397
0.2161,0.3457,4.703,-8.935,0.0287,15.71,48.55,9.11,3.02,855.3,159.6,1451.38,-32871.69,1.833
0.0602,-0.5287,-2.515,17.317,0.04,20.24,20.68,18.73,4.19,823.1,123.0,9242.63,21656.57,1.558
0.709,-0.1947,-2.24,4.093,0.0318,14.66,10.19,46.07,3.95,839.0,69.8,866.14,3069.98,1.117
0.5195,0.7122,-6.827,10.567,0.0392,17.36,3.12,18.69,3.05,912.3,38.3,-393.25,2286.91,1.092
-0.627,-0.5322,9.437,-14.918,0.026,27.44,9.49,24.8,2.32,956.9,147.9,1775.53,-8726.3,1.288
-0.3389,0.014,15.702,-11.396,0.0332,19.86,22.48,18.45,1.3,835.6,110.6,12298.86,-26208.88,1.705
-0.4527,-0.1453,15.867,9.303,0.0391,26.03,40.63,5.27,2.64,884.7,68.1,42715.1,-1827.89,2.225
0.4391,-0.8674,-11.708,-17.208,0.0295,26.9,6.48,56.4,3.63,845.3,82.7,-5601.19,-3574.9,1.215
-0.8396,0.527,13.491,11.408,0.0409,24.46,11.54,33.14,2.26,924.3,149.6,12593.79,1294.9,1.278
0.1258,-0.7757,8.548,-17.498,0.0376,31.26,14.68,47.38,1.82,836.5,64.3,-969.54,-15108.38,1.474
0.4724,-0.0463,-8.898,5.656,0.0368,14.39,46.24,39.67,4.26,853.6,20.7,-12008.21,28667.02,1.857
0.6782,0.1092,-15.578,-4.857,0.0321,27.3,45.11,31.1,3.88,847.5,164.5,-41493.24,5971.45,2.27
-0.2843,0.2312,-8.352,4.014,0.0346,31.26,40.55,5.84,3.23,897.4,72.8,-11192.9,14747.07,1.607
0.5783,0.3395,14.839,7.057,0.0369,29.52,19.54,38.74,1.48,942.2,66.0,16042.84,-1442.45,1.588
-0.7009,-0.4441,4.794,-5.671,0.0344,17.02,27.98,9.74,1.51,891.6,40.8,1175.06,-12309.52,1.442
0.6236,-0.882,7.958,-14.113,0.039,19.88,8.77,25.16,1.36,828.2,162.0,-317.06,-9038.96,1.221
-0.6705,0.4022,-8.743,-15.493,0.0337,17.1,17.85,37.93,3.16,898.9,43.1,-16018.0,-10543.04,1.564
-0.1849,0.0642,7.898,3.202,0.029,24.82,64.84,47.04,1.4,931.7,116.4,30113.79,-1345.38,1.808
0.5351,0.605,-16.988,0.744,0.0293,26.82,70.58,41.26,3.95,838.5,159.1,-62308.93,31334.13,2.937
-0.6301,0.5785,-4.488,8.719,0.0251,19.71,47.34,40.46,4.48,830.2,11.1,-1159.69,25658.44,1.778
-0.4873,0.618,4.563,0.35,0.031,23.71,66.18,9.37,2.28,846.3,150.0,13512.79,-5176.03,1.454
0.4001,-0.0268,-12.741,-2.792,0.04,26.44,46.99,21.09,2.59,924.5,76.9,-33410.33,12283.85,2.123
0.3961,-0.2995,11.628,-3.669,0.0409,21.58,4.32,3.05,3.49,902.8,120.1,2027.69,-2373.18,1.118
0.2541,0.5248,-9.539,-17.048,0.029,29.37,71.77,43.31,4.28,895.7,70.2,-55774.3,-38920.62,3.385
0.3491,-0.0877,5.482,-5.92,0.0442,27.89,8.93,57.18,4.13,854.9,126.7,613.39,-3491.71,1.119
0.0769,-0.5698,-3.413,17.137,0.035,15.16,49.78,16.21,1.2,866.5,49.5,17532.06,53305.08,2.4
-0.4468,0.639,3.458,13.448,0.0433,25.18,19.7,5.72,1.59,955.2,8.8,12575.13,10292.97,1.43
-0.2777,0.6886,-14.132,-6.142,0.0391,18.24,29.44,28.8,3.64,853.7,170.9,-31145.29,5131.31,1.769
-0.5731,-0.0606,-17.391,3.161,0.0394,24.04,47.22,51.47,3.41,946.2,7.9,-32375.96,32204.07,2.359
0.7352,-0.7637,14.744,12.503,0.0267,31.22,32.55,33.34,1.47,901.3,149.2,31355.45,10100.51,2.082
0.1501,-0.2019,-8.293,-2.114,0.0294,29.82,19.54,3.28,2.76,837.3,34.6,-8361.14,1718.41,1.314
-0.1785,0.5464,11.508,-17.354,0.0252,21.28,25.41,58.47,3.73,885.4,73.6,6111.96,-29251.74,1.882
-0.0684,0.7232,17.977,-15.318,0.0393,19.25,25.91,49.8,1.77,952.8,148.9,13916.61,-39478.8,1.929
0.8051,-0.5337,-10.388,0.374,0.0319,18.22,69.15,8.33,4.05,878.6,41.0,-37591.54,21385.1,2.284
-0.624,-0.7794,-8.454,16.9,0.0407,23.59,57.9,55.35,1.19,940.9,156.5,7574.15,69244.17,2.813
0.1552,0.6792,5.863,6.956,0.0318,16.06,34.1,27.32,3.74,855.9,92.1,18406.68,7232.6,1.652
0.0106,-0.1991,16.756,-15.447,0.0414,23.89,15.99,22.63,3.16,899.9,69.1,4760.77,-19882.78,1.64
0.2006,0.0752,14.969,-11.183,0.0276,14.02,58.77,27.93,2.1,938.1,120.9,35709.06,-63936.73,2.82
-0.8674,0.8425,0.104,9.768,0.0285,19.83,13.0,50.16,3.52,948.9,64.7,2888.86,6282.34,1.234
0.6698,-0.7802,10.624,12.292,0.0318,17.96,16.73,39.74,3.74,888.0,65.8,16407.82,6148.08,1.352
0.7778,0.267,-13.113,4.237,0.0332,31.48,27.62,4.03,4.27,909.6,133.4,-13606.41,14864.43,1.686
0.1172,-0.7666,17.188,5.199,0.032,27.09,63.62,57.48,2.29,820.4,59.2,56780.92,-11430.49,3.033
0.354,-0.2242,16.717,-16.98,0.0403,20.29,11.23,9.29,3.4,855.5,40.1,2510.92,-16757.25,1.341
0.7605,0.5469,-12.106,11.827,0.0269,15.67,10.56,44.86,3.11,859.0,146.3,-3492.81,10338.5,1.283
0.373,-0.1197,-7.221,10.378,0.032,23.3,36.58,38.35,2.84,833.1,145.9,-3772.24,25879.31,1.765
-0.6254,0.8949,-14.394,-8.675,0.0417,17.84,21.35,11.66,4.12,859.2,92.1,-23695.7,413.45,1.642
0.1373,0.1063,-8.218,7.512,0.0263,23.66,41.81,10.66,1.01,865.0,97.2,-11397.14,22191.36,1.881
0.1921,-0.3219,11.374,-10.265,0.0438,29.04,33.61,52.28,1.99,955.6,126.8,6508.39,-27551.46,1.878
-0.1366,-0.5038,-4.381,-16.548,0.0447,25.08,32.45,25.47,2.88,913.6,94.1,-24759.69,-21084.06,2.033
0.4256,-0.2691,-14.818,-10.759,0.0268,25.41,9.84,39.45,1.62,879.6,78.0,-9674.55,-2333.97,1.309
0.7819,-0.2294,-5.68,-11.569,0.0308,23.74,11.87,30.49,4.18,958.3,179.1,-7154.93,-6394.24,1.278
0.766,-0.7763,17.33,-5.841,0.0324,30.69,59.48,43.78,3.27,841.5,30.8,33678.12,-36791.73,2.829
-0.0885,-0.2348,4.669,-2.936,0.0405,30.77,64.01,29.01,2.67,886.6,108.7,9390.12,-18648.39,1.649
-0.6962,-0.0644,-3.018,0.307,0.0369,23.23,18.43,17.6,3.85,910.6,160.0,-2380.32,1831.94,1.072
0.8727,0.4009,-12.005,-0.837,0.0379,19.5,9.94,22.12,2.58,827.8,125.3,-7042.87,4597.99,1.24
0.61,0.2821,17.502,-8.256,0.0402,22.27,5.74,51.62,2.96,920.4,159.2,3707.54,-5929.01,1.124
-0.6756,0.3758,11.551,-16.95,0.0274,17.36,44.58,28.35,1.01,834.0,63.9,10040.06,-55153.44,2.51
0.7575,-0.8849,-7.867,3.784,0.0417,25.45,52.07,13.2,2.28,839.6,52.6,-12736.0,22585.47,1.726
0.6658,-0.5082,-15.478,-3.753,0.0391,23.0,28.1,56.11,1.49,842.4,154.0,-28867.18,8746.24,1.75
0.0339,0.291,-15.961,-7.248,0.0365,15.86,49.58,47.9,3.41,950.0,74.0,-57232.72,5244.03,2.433
0.1643,-0.0288,-13.666,13.21,0.0428,17.56,51.91,3.81,2.68,915.7,129.2,-13492.43,69591.06,2.701
-0.1818,-0.8904,2.908,8.883,0.039,22.63,67.47,59.94,2.06,911.8,30.9,28173.06,20783.73,2.007
-0.8014,0.5481,15.435,12.88,0.029,29.98,6.54,41.85,2.64,897.8,137.3,6443.45,1657.52,1.133
-0.2966,0.4911,-0.117,-0.181,0.0336,24.2,15.46,10.04,1.73,861.0,101.1,-611.29,106.5,0.938
0.5451,0.0872,12.346,-13.286,0.0349,26.27,6.8,14.61,4.24,906.9,52.0,1544.5,-6743.79,1.255
-0.8917,-0.7804,-1.948,7.064,0.0261,20.1,62.76,41.7,1.19,877.4,91.5,1720.79,26774.77,1.718
-0.2997,0.4797,7.509,-10.581,0.0441,24.29,57.48,46.9,4.03,840.4,127.0,-409.93,-46803.91,2.263
-0.1833,0.1507,8.347,-2.116,0.0276,22.05,42.22,14.72,2.79,916.5,7.1,12907.29,-11104.3,1.591
0.0673,0.5075,-11.737,-15.66,0.0389,25.86,7.86,15.79,3.17,838.1,116.6,-7935.3,-2978.28,1.297
0.7557,0.4531,-4.996,11.711,0.0351,14.91,21.13,18.77,2.06,846.7,99.8,2572.72,17829.61,1.437
-0.2766,0.5454,4.943,-13.466,0.0255,22.88,22.84,36.08,4.38,934.5,43.6,-1265.6,-16307.52,1.684
-0.2755,0.0324,-15.455,14.512,0.0435,19.33,41.25,10.72,1.99,912.4,136.8,-11426.09,58340.31,2.552
0.4275,-0.6474,-4.985,13.112,0.042,19.87,20.06,6.7,3.06,908.3,58.1,4273.83,18037.89,1.453
-0.086,0.3081,1.253,-1.275,0.0355,31.3,7.11,40.89,4.48,878.5,53.5,-287.43,-80.38,0.999
-0.4957,0.2169,17.864,8.797,0.0296,17.29,53.15,46.86,4.08,875.5,87.5,64540.78,3159.94,2.921
-0.0856,0.4361,-0.917,4.3,0.0274,19.6,22.94,30.31,2.88,916.6,123.3,1555.56,5823.45,1.114
-0.6465,-0.5942,11.378,10.911,0.0323,23.18,33.67,22.15,4.47,923.6,167.5,30684.57,8552.4,1.882
-0.5825,-0.549,-2.446,-2.455,0.0301,29.53,10.94,26.21,3.45,891.4,29.7,-1052.15,528.83,1.064
-0.0029,0.7027,10.67,10.289,0.0351,21.5,58.18,23.61,1.73,955.7,74.4,49573.48,12297.87,2.437
-0.1459,0.45,3.435,-1.352,0.0443,27.39,41.59,57.62,2.42,953.8,16.7,3205.77,-7453.73,1.169
0.7467,0.7348,13.917,15.875,0.0365,29.41,65.11,46.2,2.17,877.7,137.7,74031.77,23659.18,3.316
-0.2477,0.4657,-3.206,-0.491,0.0428,19.58,36.68,12.88,2.2,934.9,83.4,-5865.99,2609.69,1.15
0.1451,0.1749,3.755,-1.346,0.038,21.07,67.9,23.36,3.66,896.1,128.7,5227.95,-12480.91,1.523
0.2381,0.2774,4.681,10.263,0.0345,20.42,64.43,32.87,3.04,891.6,61.4,34082.34,24486.51,2.138
-0.8764,0.7004,-2.974,11.577,0.0421,28.99,42.35,36.97,1.13,827.7,152.8,8810.39,27012.9,1.847
0.2944,0.1419,-12.805,1.962,0.0344,14.8,67.37,28.36,4.07,900.4,98.6,-47228.07,37230.24,2.344
-0.5795,0.2383,-14.632,-11.527,0.0424,19.55,24.62,48.7,2.04,946.1,170.1,-32063.08,-1586.22,1.656
0.8299,-0.6183,-17.4,-1.161,0.0308,26.23,27.59,46.17,4.49,929.2,18.8,-22132.71,9248.46,1.76
-0.6324,-0.0469,13.447,16.851,0.0276,24.18,5.18,30.56,4.34,930.1,95.0,5607.3,2974.03,1.151
-0.1537,0.3895,-9.487,9.108,0.0421,21.85,43.24,51.34,4.29,842.4,139.1,-6265.28,36167.93,2.021
-0.7464,-0.4123,-10.386,11.202,0.0367,23.72,52.53,45.19,3.84,870.2,110.0,-9285.17,46188.18,2.335
0.8944,-0.5359,8.497,-16.818,0.0428,17.56,56.15,46.83,1.77,852.6,9.1,-8694.05,-66251.74,2.828
0.004,-0.3351,-6.479,-1.157,0.0438,21.75,12.49,57.41,2.86,864.2,175.2,-4724.62,2706.26,1.118
0.1717,-0.4653,0.218,5.278,0.0261,23.03,33.09,16.35,1.79,901.1,57.2,5086.03,7991.54,1.322
-0.7793,-0.5132,-12.15,11.881,0.035,30.22,14.38,16.43,1.91,871.1,48.6,-3513.96,11689.44,1.371
0.4499,-0.1353,16.551,-16.226,0.0325,18.7,48.35,53.39,3.14,898.5,90.0,21670.36,-67693.04,2.828
-0.5222,0.7341,12.657,12.688,0.0375,29.62,13.06,46.45,1.14,881.4,99.9,11005.47,2646.52,1.299
0.7165,0.0127,13.096,1.742,0.0409,25.6,65.29,55.63,4.39,860.1,139.1,47882.6,-23898.3,2.454
-0.5307,-0.5617,-3.356,-10.897,0.0306,14.37,18.14,4.26,4.22,833.4,73.8,-9266.25,-10052.93,1.358
-0.5568,-0.7615,9.445,-6.579,0.0361,27.04,22.4,37.85,2.33,944.9,82.0,7819.3,-11674.51,1.469
-0.8342,0.3531,-12.82,-7.851,0.0392,14.64,61.56,9.11,2.8,821.6,98.6,-64865.08,2023.92,2.553
-0.0503,-0.211,-17.69,1.111,0.0277,31.95,34.09,30.48,2.63,820.2,74.0,-24938.81,11983.29,2.108
0.1167,0.5793,-17.281,-16.139,0.0413,29.71,3.68,9.77,4.09,935.8,165.0,-4818.62,-692.26,1.154
-0.7817,0.2871,3.118,-12.293,0.0371,19.35,36.62,8.12,3.41,959.6,154.0,-10002.61,-29786.24,1.824
0.4959,0.5332,-1.606,11.257,0.044,18.63,7.92,1.22,1.97,921.8,84.6,2943.73,4948.67,1.134
-0.0841,-0.4105,0.649,-13.226,0.0318,20.87,70.97,38.0,2.56,822.1,5.0,-21326.64,-49029.76,2.521
0.0439,0.3462,-17.731,-9.598,0.0272,20.41,43.17,21.86,2.5,851.7,162.7,-54959.85,-3991.86,2.486
-0.1066,-0.4247,-2.783,-1.679,0.0351,20.7,19.96,6.76,4.36,956.1,26.8,-2722.28,-873.11,1.104
-0.1786,0.7903,7.85,0.616,0.0267,19.73,41.46,19.71,1.61,933.2,47.8,16282.31,-6058.82,1.586
0.1074,0.2455,-2.063,9.49,0.0444,25.18,7.38,10.55,1.31,899.4,31.7,1757.48,3234.52,1.137
-0.6206,-0.3159,8.36,-1.896,0.0258,16.96,57.99,56.53,4.08,853.2,36.5,25034.54,-15893.87,1.789
-0.5725,-0.4149,-9.611,10.435,0.0401,29.23,66.77,19.54,4.14,822.0,145.5,-9631.63,52341.92,2.633
0.6512,-0.5563,11.273,4.26,0.0355,28.62,63.21,20.37,4.05,822.9,106.4,39609.52,-6782.15,2.226
0.803,0.3504,3.184,-13.928,0.0324,22.58,25.92,50.47,2.79,905.7,172.3,-4063.95,-22420.58,1.649
-0.228,-0.5063,-10.413,-12.372,0.0263,29.35,24.8,39.04,3.31,823.1,45.5,-16557.69,-8476.17,1.733
-0.4127,0.1715,-9.478,-2.267,0.0374,18.45,4.46,42.76,2.97,959.1,90.0,-2767.07,871.09,1.053
0.2592,-0.4237,4.609,-3.712,0.0367,14.32,47.6,38.34,1.24,845.7,176.0,7282.67,-18751.55,1.527
-0.1643,0.2915,11.878,8.768,0.0306,25.15,39.44,56.8,3.09,919.5,149.6,32710.03,5529.2,1.99
-0.8543,0.5669,-3.037,2.907,0.0432,22.24,34.15,12.82,1.05,841.7,132.5,-2744.65,7373.04,1.282
-0.6189,0.5004,-8.701,-4.027,0.0311,24.21,65.53,59.35,2.14,895.6,38.1,-31228.63,-90.64,2.005
0.3888,0.4695,13.212,-11.853,0.034,30.19,13.75,49.94,4.26,831.3,139.6,3739.44,-11897.83,1.418
0.2861,-0.5621,6.094,-9.834,0.0359,31.46,2.68,35.54,2.06,927.3,65.8,636.54,-1562.54,0.981
-0.8512,-0.7409,-1.869,2.718,0.027,25.42,7.13,39.91,4.29,901.9,97.8,-390.1,905.41,1.125
-0.5005,0.3581,-0.436,-2.756,0.0436,27.75,17.64,39.11,1.88,832.1,111.6,-613.69,-2700.16,0.981
-0.4841,-0.237,-10.647,0.537,0.0325,15.51,4.33,3.97,2.1,938.8,111.6,-3036.9,1024.05,1.059
0.3094,-0.1218,4.565,-11.856,0.0266,16.89,37.2,13.47,3.2,896.6,132.1,-156.42,-30925.06,1.741
-0.8645,-0.8439,-5.085,5.865,0.0327,27.2,23.99,57.71,3.67,949.0,120.8,-1749.16,10385.13,1.344
-0.7126,-0.4328,17.843,12.691,0.037,21.76,14.63,32.29,2.75,948.3,17.0,18689.5,1178.18,1.63
0.5398,-0.8394,-0.713,-8.714,0.0353,22.03,54.51,23.01,4.09,948.9,85.0,-14853.0,-22224.91,1.827
-0.5786,0.6825,-0.508,-0.305,0.0389,19.55,16.31,45.84,1.14,830.9,121.2,-878.7,-318.14,1.164
0.2749,-0.4619,2.371,17.119,0.0261,24.93,50.13,31.71,4.23,836.9,56.8,21624.96,39964.83,2.375
-0.4713,0.1032,15.003,-6.003,0.0307,17.33,26.45,1.28,1.69,958.3,59.8,17604.56,-19842.62,1.647
-0.721,-0.8298,10.829,3.422,0.0414,25.28,37.83,44.31,4.09,888.3,26.8,22536.28,-7913.01,1.671
-0.4623,0.3003,-1.759,-14.753,0.0266,17.13,67.37,44.07,2.4,853.3,78.3,-31148.14,-53756.18,2.674
0.4001,-0.3186,7.873,3.817,0.0421,15.15,4.61,10.33,3.91,927.8,177.7,3007.45,103.78,1.016
0.6403,0.7163,3.104,-14.773,0.0268,19.95,37.02,57.42,3.35,857.0,54.9,-5991.56,-29886.72,1.894
0.5944,0.6986,-0.275,16.532,0.0417,18.16,61.81,13.82,1.62,921.8,98.0,36402.46,57773.62,2.734
-0.1851,-0.3145,-11.077,7.764,0.0322,30.0,43.16,27.74,4.21,937.2,135.1,-13751.58,27053.29,1.911
0.3026,0.7217,-1.298,10.374,0.0372,14.99,21.38,7.33,1.86,929.8,7.4,5614.11,12960.27,1.316
-0.531,0.8931,-9.151,7.348,0.0281,17.18,29.84,36.4,1.85,858.4,162.6,-10947.91,20746.56,1.564
-0.3723,0.5857,14.934,3.23,0.0263,23.88,49.62,22.84,3.85,876.2,72.6,41311.86,-7564.55,2.248
0.7134,0.6208,-5.925,-1.803,0.0293,22.66,64.36,21.51,1.37,877.9,157.1,-23828.06,4297.35,1.715
-0.8766,-0.4518,16.282,12.901,0.0276,14.83,4.87,49.71,1.78,888.8,11.8,5837.12,1655.42,1.124
-0.7461,0.1381,1.19,16.446,0.0312,14.13,7.01,1.07,2.76,843.4,30.5,3786.34,6200.2,1.157
-0.5258,-0.7789,4.736,-0.035,0.0353,31.79,24.75,47.98,3.91,883.3,61.4,5550.0,-3698.62,1.224
-0.8522,-0.7291,1.546,15.535,0.0368,25.86,18.29,34.5,1.52,891.5,65.5,9421.33,12294.29,1.516
-0.5734,0.898,-13.342,3.0,0.0408,20.58,20.55,59.17,2.92,894.4,153.4,-12534.45,14099.1,1.54
0.1495,-0.312,-4.47,1.382,0.0381,22.47,17.49,35.57,3.49,934.8,7.0,-2935.09,3341.44,1.16
-0.1414,0.4467,-14.431,-1.639,0.0372,18.8,15.71,3.8,4.01,892.4,117.2,-13566.4,6381.36,1.387
0.7068,0.552,4.426,-10.466,0.0332,20.21,11.14,3.51,4.27,852.3,28.0,-723.86,-7333.49,1.24
0.5714,0.6444,-1.913,-17.866,0.0345,25.68,67.38,53.05,3.75,912.8,149.1,-40616.69,-59664.85,3.004
-0.2847,0.8957,10.007,-9.306,0.0333,29.89,12.09,50.55,3.28,931.6,141.3,2678.78,-8457.62,1.262
-0.433,-0.4653,-10.063,0.35,0.0418,17.31,16.31,21.08,2.52,864.7,92.5,-7924.96,5943.12,1.185
-0.2166,-0.8274,-12.076,-4.321,0.0296,29.13,19.24,37.27,1.39,910.3,42.2,-11985.18,482.04,1.456
0.1625,-0.1599,-3.372,-1.855,0.0251,16.19,67.31,29.63,3.48,840.6,116.0,-17555.15,-0.99,1.442
-0.4175,-0.6659,15.357,17.303,0.038,17.87,54.9,58.05,4.47,867.9,32.3,78952.73,22702.44,3.156
0.2235,-0.8596,7.575,-5.39,0.029,14.67,57.28,57.02,3.58,947.3,38.3,15535.49,-29425.02,1.747
-0.1631,-0.2512,-2.919,-1.721,0.0428,16.53,9.33,59.04,1.06,947.6,114.7,-1476.6,990.68,1.05
0.0937,0.5107,0.622,-13.193,0.0422,30.51,60.54,52.05,2.74,900.5,178.5,-22764.31,-38015.43,2.29
-0.115,0.1191,-14.968,-16.274,0.0265,22.27,30.57,54.62,3.15,918.3,160.9,-36668.43,-17514.69,2.202
-0.37,-0.337,17.445,9.915,0.0271,15.4,20.4,13.43,3.41,939.6,108.8,26480.62,3268.52,1.713
0.8072,0.2778,5.991,2.545,0.0349,31.28,42.3,49.94,3.52,954.2,99.2,13495.63,-1991.75,1.471
0.4745,-0.4824,-7.725,9.385,0.0372,29.82,59.55,42.68,2.95,888.6,179.7,-7239.6,39593.2,2.185
-0.6478,-0.8741,3.089,-12.605,0.0305,27.58,56.51,57.79,1.78,898.6,100.8,-6074.87,-37191.61,2.242
0.6632,0.4758,-14.059,2.586,0.0393,30.8,64.3,34.49,4.3,878.2,78.5,-35135.44,31541.18,2.485
-0.0226,0.2227,16.77,-8.869,0.0369,17.96,66.97,5.57,3.44,830.1,164.2,45344.81,-74656.93,3.112
0.7102,0.4721,-11.708,-9.79,0.0315,29.05,18.67,36.05,1.83,879.2,46.0,-13489.42,-2486.05,1.446
0.5397,-0.8299,5.329,-17.585,0.0255,26.42,31.67,41.35,2.13,930.7,22.1,-2635.51,-27749.64,2.083
-0.1346,0.6068,-9.164,-13.308,0.04,29.66,3.02,13.61,4.23,932.7,116.0,-2634.36,-1159.26,1.155
-0.8596,0.2151,7.832,-6.866,0.0293,28.34,63.55,23.95,4.11,944.9,21.8,13967.15,-28054.47,2.156
-0.4164,0.1141,9.966,-13.792,0.0417,20.24,12.82,36.11,2.42,827.2,70.3,916.15,-14365.64,1.289
0.0749,0.2243,6.243,17.491,0.0334,27.94,62.3,22.76,1.13,893.8,79.1,45371.74,41348.15,2.972
0.2403,0.656,4.122,-6.889,0.0365,18.72,25.06,22.81,1.17,835.0,100.8,-432.69,-12486.62,1.345
-0.4358,0.1565,14.129,-13.308,0.0425,19.91,27.77,8.42,1.99,848.1,178.5,8760.42,-36579.73,1.959
-0.6492,0.1457,-15.169,-10.833,0.0423,15.94,4.74,56.47,3.2,946.0,43.7,-6048.21,-204.15,1.163
0.6029,0.8832,-6.087,3.157,0.0324,30.83,24.88,45.15,3.04,889.6,70.8,-3292.01,8187.84,1.284
0.8719,0.4621,-9.062,-15.694,0.0292,19.24,64.19,0.57,3.22,926.2,28.1,-54827.32,-39708.43,2.95
0.0462,-0.1039,17.569,13.048,0.0405,23.37,3.79,46.05,3.51,829.0,111.3,5463.13,587.19,1.048
-0.591,0.3733,-3.982,16.614,0.0337,21.04,30.44,44.52,1.07,878.4,132.3,8284.4,30612.84,1.828
-0.4098,-0.1994,8.374,-9.117,0.0288,31.28,4.2,1.08,1.37,914.4,89.4,773.83,-2212.13,1.105
-0.8669,-0.488,6.65,-1.797,0.0431,20.03,27.96,22.49,2.26,838.7,48.0,8238.34,-8697.22,1.378
0.7457,0.1743,-10.365,-17.203,0.029,28.01,14.08,36.6,1.54,865.6,113.7,-11188.02,-8427.6,1.444
-0.688,0.7707,-9.396,5.066,0.0255,29.4,19.66,27.44,1.26,829.0,99.4,-5488.34,7656.5,1.348
0.1377,0.7725,-7.874,-3.099,0.0254,21.84,63.43,46.79,3.24,911.2,35.0,-27306.49,725.52,1.815
-0.4067,-0.2846,-3.199,-8.278,0.0374,20.81,32.52,25.81,3.85,955.9,76.0,-13295.19,-10120.9,1.554
0.0975,0.0498,-9.564,-10.554,0.0382,27.46,21.17,9.65,3.63,935.8,81.2,-16077.82,-3247.64,1.558
0.2726,-0.5191,-17.293,5.545,0.0312,30.43,43.25,58.6,3.86,956.4,177.0,-30305.28,28964.45,2.342
0.5935,0.8921,13.658,-3.016,0.0314,27.59,11.95,14.9,3.33,938.4,153.6,6745.8,-6193.65,1.299
-0.5284,0.866,16.762,-11.532,0.0318,18.09,20.16,43.2,3.57,939.7,133.5,13087.78,-23347.07,1.761
-0.8802,0.2691,-5.703,6.808,0.0386,29.99,40.24,9.02,1.95,900.8,160.5,-2012.54,19231.32,1.555
-0.6536,0.5479,-5.814,2.343,0.0262,20.98,18.63,20.08,4.48,892.6,133.7,-5995.29,4758.35,1.149
0.72,0.3872,-17.745,12.912,0.0436,24.37,49.54,26.8,1.64,876.9,163.1,-22473.29,67759.63,2.865
0.673,0.1677,6.489,-13.771,0.0295,28.97,36.4,11.94,1.75,934.5,14.5,374.35,-28492.76,1.973
0.1753,-0.804,11.716,10.284,0.045,17.39,56.04,27.27,2.01,845.5,84.8,59460.0,4354.67,2.396
0.1809,-0.0814,-12.722,6.247,0.0284,28.12,68.38,9.85,4.41,827.9,135.7,-32478.22,37972.23,2.589
0.2971,0.3146,-12.252,-13.86,0.0404,24.73,10.11,33.76,4.46,952.7,107.1,-11418.64,-3516.95,1.396
-0.5843,0.3196,10.443,7.014,0.0295,30.08,25.43,39.99,3.78,820.5,35.7,14105.84,4003.56,1.554
0.7459,-0.2284,4.186,-2.104,0.0266,17.1,24.37,4.21,3.2,956.8,64.6,4894.04,-4668.29,1.23
-0.1462,0.795,-16.385,16.019,0.0425,21.57,12.58,52.33,2.82,922.0,60.6,-3422.87,17952.01,1.423
-0.2104,-0.5988,4.412,-12.902,0.0422,28.99,58.72,11.52,4.4,866.0,50.7,-11005.24,-40269.44,2.367
0.0341,0.0006,-6.879,5.142,0.0331,14.35,55.19,13.91,3.43,917.7,65.0,-13215.28,28552.33,1.719
-0.8155,0.3436,-4.726,-4.249,0.039,16.02,35.91,39.85,4.31,934.5,95.1,-14778.24,-3726.19,1.281
-0.6007,0.3548,9.71,16.445,0.0361,31.83,39.64,28.39,2.11,854.4,154.6,32958.31,20682.07,2.298
0.4285,0.2676,11.194,-6.121,0.0421,19.05,6.17,30.21,2.17,927.9,134.9,2699.84,-5065.04,1.203
-0.751,-0.4045,-3.587,16.639,0.0313,31.56,40.89,8.13,3.99,932.6,151.2,10716.98,34410.46,2.147
0.1857,-0.6188,16.098,14.453,0.0355,17.29,57.39,48.44,1.52,854.9,159.6,82488.8,18838.93,3.042
-0.4584,0.2447,-3.367,-8.266,0.0347,20.5,42.17,37.21,4.31,825.9,77.8,-18503.7,-13376.98,1.713
-0.1993,0.1787,9.786,10.928,0.0321,27.55,20.57,8.56,2.78,848.6,65.6,14830.28,5590.42,1.493
-0.3804,-0.5772,-0.58,17.842,0.0428,25.84,48.73,22.75,4.24,848.1,15.1,27270.99,38137.45,2.446
-0.2598,0.3693,14.311,-8.904,0.0283,24.46,27.3,48.72,2.18,829.1,167.8,15184.46,-22565.98,1.852
0.3943,-0.0807,14.679,-2.276,0.028,23.54,40.14,34.32,3.51,921.6,16.5,24926.43,-15973.85,1.976
-0.3652,0.302,-14.853,0.727,0.0365,29.18,36.13,6.96,2.69,873.2,134.7,-24756.33,15742.46,1.863
0.1195,0.6073,15.714,-7.382,0.0381,18.23,28.68,22.68,3.19,943.8,71.2,16605.21,-25618.21,1.871
-0.0431,-0.5945,11.719,-17.45,0.0289,21.96,52.32,14.94,2.77,855.3,171.0,10338.59,-68689.57,2.797
0.2946,-0.8655,10.487,-10.075,0.0328,16.8,63.87,31.29,4.38,883.5,78.4,18178.2,-56164.99,2.541
0.7863,0.5024,-10.767,-7.85,0.0439,24.73,2.36,50.68,3.42,909.5,147.9,-2198.21,348.3,0.987
0.4186,0.1975,10.984,-2.03,0.0299,18.51,67.35,26.46,1.88,942.8,54.5,34849.15,-27243.24,2.263
-0.5131,0.3594,12.605,-11.84,0.0384,20.01,37.81,26.28,4.18,893.4,57.3,10430.45,-37796.75,2.093
-0.8439,0.6087,-7.591,13.437,0.0398,22.48,51.05,54.37,2.03,872.3,109.2,3187.59,50787.15,2.362
-0.4279,0.5451,16.281,7.377,0.034,14.48,61.89,34.78,2.3,941.4,179.6,78045.07,-5666.38,2.887
0.1711,0.8297,-16.205,-14.933,0.0438,15.65,34.7,34.19,1.36,863.4,95.6,-53352.8,-7309.21,2.302
-0.8074,0.0647,-12.603,5.403,0.0397,26.35,60.45,16.08,4.15,831.1,168.9,-28416.97,40914.08,2.401
-0.0065,-0.0207,1.353,5.532,0.0342,21.72,14.43,36.66,2.0,882.3,142.6,3824.24,4279.98,1.133
0.1743,-0.1766,2.729,16.424,0.0364,29.57,13.14,34.77,1.91,929.9,144.3,8138.53,9933.33,1.395
-0.2984,-0.6234,5.225,-17.891,0.0389,26.5,48.02,24.11,4.22,824.3,81.3,-14211.62,-46586.84,2.436
0.4876,0.1307,-17.389,-9.074,0.0368,14.15,62.91,59.45,3.82,902.0,72.6,-83223.31,4502.23,2.939
-0.7081,-0.4014,16.573,15.4,0.0426,25.1,64.47,52.97,1.49,903.2,38.6,80517.29,13142.15,3.489
-0.7648,0.7584,-16.395,15.557,0.0321,15.69,47.06,45.1,3.69,950.0,173.7,-23457.47,70409.01,2.806
0.4107,0.1497,-12.85,7.941,0.031,28.06,38.78,32.47,4.2,860.1,172.9,-18160.33,27221.97,1.97
-0.0081,0.1671,-17.495,9.567,0.0293,31.85,25.2,27.99,1.27,859.0,135.7,-14749.75,21215.2,1.891
0.3391,-0.2611,2.407,-14.707,0.0258,23.56,70.6,11.5,3.89,881.7,56.8,-12929.62,-52942.4,2.717
-0.1173,-0.8064,15.562,0.5,0.0259,26.29,24.38,18.69,2.92,870.0,47.9,17205.94,-7472.03,1.597
-0.4565,-0.8429,5.974,-9.663,0.0424,18.27,54.09,46.55,3.34,923.1,178.0,-1575.87,-44558.03,1.982
0.5744,-0.138,11.616,-11.476,0.0386,21.88,39.24,27.5,2.72,909.8,16.6,7862.04,-35577.42,2.096
0.5389,-0.7478,-17.522,11.171,0.0382,29.41,44.6,53.0,3.44,926.2,152.6,-24529.86,48024.73,2.465
0.3505,0.1923,1.513,-13.139,0.0373,17.01,29.54,9.3,1.12,934.8,67.2,-12863.93,-23736.74,1.613
-0.4101,0.6858,-1.456,-1.129,0.042,18.78,69.54,30.75,3.67,949.2,78.3,-8862.88,234.07,1.228
0.1624,0.6892,-0.037,15.789,0.0346,22.02,42.02,38.99,1.12,880.3,150.6,21532.71,35826.84,2.045
-0.2502,0.2863,-15.4,-11.31,0.0424,26.82,67.65,31.25,2.59,957.9,20.9,-67430.31,-1212.78,3.121
-0.7352,-0.5198,6.64,17.208,0.0322,20.77,2.53,53.41,1.53,850.2,67.0,1888.55,1643.53,0.967
0.7512,0.6534,0.116,17.794,0.0435,30.7,42.09,59.38,3.88,920.0,171.6,24942.66,35909.42,2.279
-0.6537,0.695,9.545,2.002,0.039,15.7,52.2,7.39,2.1,894.8,127.3,32186.06,-12789.34,1.814
0.8104,-0.546,-0.53,-11.875,0.0301,20.67,54.16,8.23,2.59,934.4,137.1,-20372.34,-35731.92,2.018
-0.0972,0.4274,-12.622,-6.62,0.0363,26.76,65.35,8.25,2.5,886.7,137.6,-54540.3,2702.58,2.488
-0.5668,-0.3843,5.337,-2.718,0.0357,18.07,2.31,41.03,3.7,929.8,15.6,642.9,-1120.74,1.002
0.0754,0.5448,-11.794,-6.864,0.0278,25.82,2.02,22.67,2.68,950.2,40.6,-1287.31,-271.24,0.967
0.6713,0.895,13.406,-7.897,0.0368,16.96,35.06,44.13,3.76,922.5,91.0,17467.5,-31167.89,2.006
0.418,-0.846,4.072,17.0,0.0313,15.01,4.05,24.63,1.26,928.7,69.4,2553.3,2983.21,0.999
0.5518,0.7153,-12.341,-12.479,0.026,16.18,70.22,37.84,1.67,829.4,76.9,-70864.41,-33219.03,3.031
0.2858,0.2207,16.644,8.4,0.044,30.74,17.54,46.31,2.93,848.7,141.8,16755.75,-4305.49,1.551
0.3461,0.8521,0.661,-17.985,0.0378,23.93,35.09,33.12,4.31,956.4,7.6,-16025.75,-28700.35,2.014
0.6286,-0.063,-15.376,3.463,0.0425,28.33,6.28,32.6,1.26,917.0,120.6,-3722.01,4138.52,1.176
-0.4506,0.6253,4.566,14.974,0.0385,19.99,38.54,5.75,1.15,898.6,5.0,25365.24,22661.52,1.966
-0.019,-0.7877,-8.885,-7.634,0.0321,24.67,28.6,24.94,1.55,871.4,16.0,-15522.9,-3147.09,1.635
-0.5018,-0.2965,10.933,-11.321,0.0353,22.91,5.13,32.97,3.24,826.2,76.5,551.84,-4675.48,1.079
0.8778,-0.7794,11.442,5.46,0.0385,31.02,25.46,27.99,2.4,871.7,152.2,17749.86,-1844.58,1.42
0.7993,0.8556,17.242,7.654,0.0442,27.46,29.4,54.1,3.89,889.8,30.4,29672.77,-6106.53,1.859
-0.829,0.5706,0.067,6.769,0.0301,27.15,71.29,54.44,1.25,849.6,102.1,9829.14,21468.78,1.824
0.37,0.6346,-1.622,-6.505,0.0425,14.83,16.55,49.4,1.69,844.2,123.7,-5984.79,-4808.47,1.179
0.7654,0.7883,9.125,-8.921,0.0435,23.89,40.13,22.83,2.05,891.2,45.2,3575.53,-28460.61,1.891
-0.575,-0.7468,-13.231,16.413,0.0384,22.41,71.11,43.18,3.19,902.0,94.7,-14955.05,90526.33,3.5
0.1223,-0.2059,1.689,15.239,0.0436,30.7,57.44,24.02,3.4,853.6,164.5,32474.85,37039.79,2.436
0.7479,-0.7721,1.665,-1.537,0.033,18.63,71.54,14.34,1.43,902.2,94.6,1955.37,-9446.39,1.246
-0.8389,-0.5206,-14.779,12.463,0.0441,18.86,69.78,20.9,4.3,946.0,32.5,-20243.48,80366.2,3.229
0.3554,-0.4871,-2.953,-1.716,0.0391,21.4,36.27,4.72,2.19,886.2,114.9,-7278.71,833.85,1.301
-0.3648,-0.0556,12.718,-2.722,0.0258,18.38,50.75,20.24,3.5,940.0,108.6,33406.09,-24229.49,2.135
0.7639,-0.4166,12.822,-12.357,0.0431,16.33,9.73,27.91,2.83,949.8,9.7,1656.5,-10719.59,1.383
0.8479,-0.7182,-14.427,-2.649,0.0347,29.43,32.88,57.35,1.78,832.9,20.9,-22310.34,7395.93,1.846
0.7997,-0.5985,-14.734,1.347,0.0342,24.05,58.63,19.15,3.96,833.4,32.4,-39902.47,26452.26,2.443
-0.0464,-0.6349,-8.543,-17.19,0.0363,29.5,37.37,54.2,3.86,886.6,28.9,-30504.84,-18644.75,2.145
0.6517,0.8515,13.492,-2.012,0.028,28.96,51.19,14.12,2.39,902.3,50.4,27676.92,-19136.08,2.174
0.6202,0.4667,-13.36,10.129,0.0344,19.08,54.2,11.86,3.06,879.6,84.5,-22871.49,52233.49,2.511
-0.3256,0.842,7.92,6.482,0.0416,23.86,19.74,31.38,1.9,865.7,70.1,11321.42,1110.97,1.332
0.592,-0.1085,-14.358,4.866,0.0253,15.5,63.3,40.51,3.41,909.7,160.9,-49214.23,41680.18,2.589
-0.8334,-0.3989,4.433,14.744,0.0305,30.47,34.19,3.14,2.08,820.3,112.1,18672.12,18727.69,1.775
0.1733,0.5369,-5.182,-17.351,0.025,21.28,16.71,13.65,3.95,955.5,158.3,-11780.77,-14204.94,1.567
-0.486,-0.3127,10.401,2.054,0.0333,21.09,62.58,27.61,1.76,852.5,97.2,36139.6,-11032.93,2.103
-0.683,-0.3611,-9.587,10.345,0.0396,19.45,31.25,20.19,1.05,948.4,20.7,-4110.14,26193.92,1.664
-0.7615,-0.4815,5.011,1.488,0.041,22.29,54.52,42.9,1.94,835.3,86.1,16126.79,-6607.78,1.499
0.3533,-0.6666,-9.515,-6.34,0.0439,18.53,40.36,30.91,1.67,853.3,148.9,-31770.56,867.88,1.726
-0.2882,-0.4384,7.692,-13.095,0.0372,20.75,28.73,10.04,2.78,852.9,39.0,212.62,-25775.71,1.755
0.4046,-0.2604,13.452,13.952,0.0301,28.4,58.69,53.72,1.71,959.5,21.0,51834.79,19937.87,2.94
-0.7824,0.3132,-13.435,-1.053,0.0435,29.02,42.91,17.93,3.67,820.6,62.7,-26320.31,14359.0,2.015
-0.3325,-0.7874,13.197,13.612,0.0405,19.48,29.34,44.0,1.84,909.5,73.1,36549.6,7287.59,1.919
0.0711,-0.5211,3.369,3.091,0.0365,22.44,9.67,46.9,3.47,941.8,58.6,1798.39,242.52,1.053
0.5233,0.5562,-13.424,6.271,0.0389,29.73,64.68,57.81,3.02,914.1,28.7,-26123.24,39625.46,2.566
-0.3262,-0.6355,-2.608,10.953,0.0435,14.95,4.48,30.16,4.45,870.8,48.9,1614.65,2748.15,1.048
0.2266,-0.2832,-12.209,5.73,0.0392,30.0,62.42,37.14,4.5,954.2,124.4,-24071.23,38281.59,2.402
0.6948,0.6564,7.213,-3.67,0.0324,17.95,27.2,20.43,4.04,945.1,72.5,8176.57,-11183.14,1.356
0.2086,-0.6211,9.319,0.491,0.0393,26.21,46.75,40.85,3.66,880.8,115.7,21634.18,-13561.82,1.686
-0.4807,-0.7511,-14.191,10.91,0.0258,24.49,66.55,28.07,2.35,900.3,98.9,-31392.56,56602.22,2.928
-0.8561,-0.0278,0.221,-4.549,0.0327,23.95,12.62,26.54,3.64,955.5,101.1,-1940.22,-3082.67,1.09
0.6662,-0.3556,11.327,-4.028,0.0331,29.47,41.69,51.4,4.35,957.6,48.5,17612.49,-17573.35,1.814
-0.8617,0.1141,15.702,-14.555,0.0283,15.83,55.51,3.49,1.08,883.0,96.3,31387.08,-71825.51,2.924
0.6745,0.5468,0.487,14.925,0.0255,20.25,55.03,52.98,2.88,938.6,9.1,16821.07,41066.92,2.411
0.0521,-0.6531,16.21,-14.723,0.0277,23.69,38.79,51.2,1.76,862.3,80.6,19911.12,-43894.52,2.504
0.7903,0.1453,1.285,5.336,0.0381,28.6,45.73,30.63,2.95,872.1,105.2,9495.57,8344.17,1.466
0.5378,0.0099,-3.809,-3.125,0.041,17.9,55.03,29.67,2.63,843.1,36.8,-17082.69,-751.94,1.416
0.8963,-0.6407,12.535,-3.398,0.0448,28.45,60.87,22.03,3.02,849.3,49.9,24038.88,-32935.39,2.315
-0.2687,0.2232,-0.253,6.464,0.0319,21.19,55.33,59.65,2.93,912.0,43.4,7507.85,17190.97,1.674
0.4809,-0.4074,-1.012,-15.585,0.037,17.4,26.78,7.11,4.36,891.5,17.3,-14041.4,-21334.96,1.638
-0.1765,-0.0219,-0.349,3.373,0.0437,27.66,71.77,35.62,2.93,852.4,65.9,7793.57,8920.75,1.445
-0.0362,-0.7519,12.484,9.793,0.0283,15.64,32.42,41.06,3.96,876.4,176.3,34127.3,9617.47,1.785
0.2295,-0.0727,11.95,11.816,0.0394,23.27,3.71,56.09,2.12,872.2,66.9,3814.74,967.73,1.188
0.6726,-0.3484,-3.473,-11.861,0.0401,15.15,27.38,46.92,2.53,958.2,85.6,-16891.12,-14430.45,1.543
0.8714,0.5803,-6.001,14.307,0.0268,20.42,10.94,38.81,2.65,939.5,119.3,136.42,9457.86,1.394
0.4829,-0.7974,-0.291,5.621,0.0422,24.82,10.5,7.45,1.98,874.3,118.5,1542.38,2599.72,1.185
-0.148,-0.1465,2.62,13.747,0.0413,24.01,21.71,22.74,2.33,947.9,171.2,14025.08,13556.86,1.501
-0.1416,-0.0748,-9.42,-0.53,0.0257,21.28,5.74,8.76,3.09,868.0,155.1,-2873.43,383.84,1.054
0.4276,0.405,10.582,1.513,0.0268,21.72,50.2,52.93,3.03,913.5,143.9,31462.6,-7492.88,1.904
-0.4702,0.1337,-0.487,15.085,0.026,18.08,7.18,45.1,3.23,955.3,171.5,2833.22,7190.63,1.172
-0.7011,0.301,-5.974,14.397,0.0317,22.21,16.23,45.57,2.23,874.6,45.4,270.61,15384.28,1.402
-0.2617,0.4987,-14.154,-1.866,0.0352,31.16,8.5,39.31,2.11,915.2,113.0,-5961.9,1881.05,1.119
-0.383,0.652,-9.402,-8.121,0.0356,29.31,6.42,30.67,3.14,861.4,160.3,-5066.57,-771.67,1.107
-0.3666,-0.335,16.174,-3.846,0.0304,16.61,20.74,9.42,1.47,857.3,114.2,17915.89,-13316.85,1.519
-0.4795,0.0684,-7.016,-4.04,0.0432,14.54,42.03,20.12,1.89,900.4,176.0,-25296.76,2528.03,1.595
-0.8242,0.6122,-11.921,-7.673,0.0324,30.8,69.53,8.65,1.15,957.1,22.6,-44508.12,-4813.5,2.692
-0.8678,0.881,-1.416,-8.331,0.0259,23.48,63.29,43.63,1.25,883.4,81.9,-17252.08,-26380.26,1.928
0.8779,0.7011,-6.945,12.998,0.031,23.68,63.32,10.03,1.85,951.3,176.0,42.69,58274.12,2.572
-0.13,-0.2314,-16.734,-15.485,0.0356,28.05,14.32,42.28,1.07,948.0,71.4,-17461.18,-3909.99,1.502
-0.2082,-0.5487,-6.367,6.394,0.0332,19.66,20.54,41.69,1.86,855.5,134.4,-2690.85,10633.55,1.319
0.3234,-0.0191,1.588,-11.778,0.0305,22.67,7.35,27.83,3.29,876.3,10.3,-1425.91,-4261.8,1.185
-0.5071,0.435,1.862,-5.598,0.0276,31.44,56.49,8.55,1.21,910.1,126.6,-2016.96,-15540.5,1.526
0.8099,-0.0134,-5.164,-15.784,0.0414,26.1,6.89,19.23,2.53,892.5,168.6,-5691.78,-4284.11,1.197
0.5154,-0.0303,-1.897,-8.281,0.0449,16.77,40.97,19.55,4.2,833.4,72.0,-18516.64,-15125.32,1.573
-0.7391,0.6088,16.759,9.663,0.0316,16.4,19.35,42.17,3.77,959.1,8.7,23456.71,2344.92,1.707
-0.1484,-0.2495,-4.415,13.861,0.0326,17.68,19.04,7.27,2.07,925.4,9.9,2870.88,16031.48,1.504
0.6824,0.6476,-8.704,-10.025,0.0374,27.8,71.35,49.83,4.24,881.3,161.1,-53751.09,-14567.42,2.609
0.8005,-0.1678,-9.235,-1.312,0.0394,19.32,54.97,45.78,2.15,906.5,131.4,-30675.75,14874.61,1.769
-0.0587,-0.3092,-1.52,-1.068,0.0328,14.38,60.59,11.59,1.25,832.3,23.7,-6413.31,-122.61,1.196
0.2041,-0.0828,9.343,13.449,0.0431,31.0,42.04,43.29,4.48,889.3,14.6,32202.03,11332.49,2.14
-0.5993,0.4724,-10.584,9.461,0.0362,17.05,62.97,40.28,4.05,950.3,145.8,-19324.68,59202.62,2.482
0.8841,-0.6732,7.535,0.471,0.034,14.17,47.18,45.01,2.63,945.5,146.7,21368.64,-10626.38,1.516
-0.483,-0.5464,-17.239,6.147,0.0379,18.27,68.23,11.74,3.33,867.2,26.1,-48178.63,58597.84,3.027
0.7969,0.8126,-2.918,12.505,0.0441,18.23,21.69,9.88,3.35,894.4,57.8,7679.76,16044.74,1.461
0.2694,-0.5841,9.931,-17.657,0.0409,21.6,43.67,14.57,1.68,917.6,141.5,-5538.3,-57300.01,2.53
0.1939,0.1219,-5.806,-3.496,0.0258,30.57,50.31,22.27,1.7,867.6,96.9,-15266.12,-3137.63,1.539
0.0228,0.1428,2.295,14.661,0.0316,29.83,29.51,47.72,2.64,829.1,172.4,13635.0,19335.62,1.71
-0.4848,-0.0187,-10.621,8.651,0.0344,22.22,63.58,44.41,4.19,890.8,89.2,-19361.63,48970.08,2.541
-0.5822,0.2605,8.712,1.542,0.0313,21.4,70.59,55.56,1.03,904.2,123.5,37984.67,-10651.11,2.026
-0.5031,-0.4863,-16.118,1.067,0.039,23.99,36.56,3.99,3.74,820.8,94.2,-28416.45,19953.56,1.978
-0.5644,0.0948,12.692,-5.48,0.0415,18.38,29.34,1.19,1.2,833.4,170.0,15883.47,-22922.7,1.67
0.5033,-0.2301,-10.865,0.739,0.0396,14.94,35.04,42.1,2.67,849.0,74.8,-19864.18,16013.08,1.569
-0.2698,0.291,13.478,5.594,0.0448,30.91,61.69,17.12,3.23,868.7,45.2,42921.85,-9722.54,2.529
-0.7959,-0.6458,-5.309,-2.939,0.0305,17.36,47.18,20.38,3.4,895.7,62.2,-18800.21,-2852.95,1.445
0.8444,0.1276,8.017,7.71,0.0425,17.57,5.13,33.03,1.2,861.1,154.2,4242.76,716.73,1.094
0.6908,-0.5665,-6.508,13.004,0.0403,22.5,39.95,6.59,2.47,858.7,92.1,3161.32,36009.75,1.991
0.77,-0.3984,14.613,-12.431,0.0322,22.85,3.21,38.74,3.04,941.7,67.0,887.45,-2786.6,1.2
0.8908,-0.5063,-13.441,-1.744,0.0397,14.33,56.5,19.85,1.23,840.3,100.2,-47195.56,21514.07,2.21
-0.587,-0.5709,-11.573,-3.311,0.0271,16.66,24.98,38.15,1.47,889.4,28.3,-18373.93,3252.63,1.544
-0.1868,0.5863,-0.251,6.749,0.0408,20.81,35.04,50.12,3.32,953.4,5.9,6556.87,12722.94,1.438
0.4648,-0.3857,-15.05,-9.005,0.0356,26.31,57.91,10.68,2.83,907.5,54.1,-52072.32,-3294.15,2.661
0.3528,0.7688,-10.945,5.049,0.0308,18.11,5.25,55.89,1.57,920.4,110.9,-3059.47,3273.96,1.135
-0.623,0.8459,15.976,13.59,0.0381,21.61,13.1,32.08,2.87,880.4,129.5,16600.07,3026.14,1.54
0.5685,0.1283,17.154,-2.947,0.0378,24.03,29.86,55.41,4.19,822.8,149.7,23804.24,-21429.18,1.828
-0.496,-0.6426,-4.455,14.797,0.0292,29.99,18.09,12.86,1.05,910.5,167.2,1999.68,14516.82,1.478
-0.4971,-0.2258,15.238,17.754,0.0256,19.87,25.65,36.47,3.25,908.5,77.1,30726.88,16789.9,2.021
0.0666,0.5359,1.614,-14.181,0.0337,16.4,71.87,24.53,1.26,835.5,134.6,-27404.79,-64783.33,2.736
0.1673,-0.2387,-8.289,-9.61,0.0364,22.81,59.78,46.57,1.02,884.7,18.1,-37850.38,-13516.03,2.303
0.1442,-0.7434,7.286,16.214,0.0425,27.44,63.87,36.55,1.53,948.1,15.1,51214.19,31678.79,2.901
-0.7353,0.1022,5.72,16.5,0.0436,15.98,67.59,29.92,2.48,848.7,26.8,64416.32,47547.96,2.993
0.6794,0.6212,17.609,-14.483,0.0356,21.64,25.87,54.82,3.81,884.6,83.5,12576.48,-32803.69,1.937
-0.4219,0.5327,-8.458,-17.46,0.0401,14.32,22.8,22.94,1.99,884.6,42.0,-25357.07,-15383.78,1.745
-0.6669,-0.5848,6.194,-12.2,0.0338,14.6,18.38,13.59,3.19,933.5,55.2,97.85,-16670.77,1.395
0.6997,0.311,-16.127,17.856,0.0399,22.69,60.11,36.68,2.44,935.4,118.4,-15840.75,88230.23,3.349
0.8202,-0.5031,-13.909,-11.52,0.0291,19.37,49.57,37.63,1.82,926.3,67.7,-51343.06,-12463.51,2.467
0.6518,-0.5072,-17.859,0.092,0.0324,29.21,18.53,26.63,2.8,871.2,102.5,-14809.51,7916.92,1.565
0.5571,0.6733,17.981,12.543,0.0377,24.84,28.39,29.45,3.79,830.1,77.2,36747.37,3209.49,2.059
0.2794,-0.4506,10.882,-17.266,0.0254,22.17,37.47,57.59,3.91,868.9,34.6,9295.08,-41104.31,2.211
0.0915,-0.4262,10.322,3.762,0.0394,21.34,38.97,44.09,3.96,915.2,18.0,23985.01,-6167.65,1.667
-0.7434,-0.8988,0.35,-8.027,0.0417,22.95,64.21,7.08,2.18,918.4,46.3,-14593.89,-24342.97,1.896
-0.1648,0.6672,-7.198,13.044,0.033,14.73,28.64,13.12,3.78,955.1,15.1,-2565.24,26659.94,1.737
-0.2292,0.5267,-12.554,-7.795,0.034,30.07,65.6,58.55,1.74,883.5,113.3,-48367.62,-4191.97,2.66
-0.4324,0.2292,-7.752,6.723,0.042,31.97,32.9,43.72,3.58,908.5,144.3,-5003.81,19063.34,1.631
0.4022,0.4505,-4.465,6.272,0.0405,17.27,54.25,54.95,4.32,895.5,64.5,-730.15,25924.81,1.723
-0.0074,-0.6263,9.227,-10.026,0.0308,16.17,67.12,18.58,1.05,841.1,72.7,16735.75,-54375.43,2.503
-0.7541,-0.075,1.428,-16.747,0.0315,16.58,65.53,44.64,2.54,884.6,147.8,-27815.29,-67826.99,2.841
-0.5037,-0.2678,-15.211,-3.267,0.0386,25.9,5.99,42.98,3.27,896.3,44.0,-4670.79,1258.67,1.238
0.3299,-0.7312,-17.351,-7.589,0.0363,25.91,16.4,18.03,3.46,953.1,25.9,-15286.26,1279.3,1.656
-0.763,-0.025,-14.316,11.123,0.0282,29.26,35.38,33.27,1.62,871.3,92.7,-15541.26,28325.9,2.092
0.6322,0.7573,-3.222,10.813,0.0312,27.53,32.21,37.83,4.4,957.2,118.1,2559.75,18396.53,1.632
-0.0087,-0.8279,15.595,-1.547,0.043,22.09,46.86,29.13,3.15,895.9,109.9,37262.68,-28770.72,2.26
-0.0349,-0.3754,4.946,3.834,0.0388,25.03,68.13,49.72,1.58,853.9,129.9,25191.63,1567.13,1.712
0.1663,-0.5264,10.866,3.753,0.0447,26.39,9.87,50.06,1.07,846.8,14.9,6708.81,-1421.37,1.247
0.5844,-0.4713,-1.211,11.778,0.0403,23.23,33.63,51.11,3.74,839.8,79.9,11725.55,21296.43,1.714
-0.2739,0.7352,-4.98,-2.7,0.0438,22.56,15.47,48.3,1.28,883.4,46.7,-5776.65,932.3,1.164
0.3204,-0.0575,-14.098,-8.084,0.0293,25.61,64.59,29.54,1.49,823.1,137.8,-58553.55,-4878.78,2.733
0.1183,-0.0607,13.534,-8.459,0.0404,24.03,69.52,23.2,3.01,882.3,157.7,27988.09,-62130.37,2.773
-0.4193,0.469,10.194,1.303,0.0254,25.59,35.51,49.97,3.11,958.4,54.2,17831.77,-5541.24,1.645
0.6815,-0.6219,-11.948,-1.831,0.0384,25.03,9.28,29.67,3.4,913.8,21.7,-5529.38,3180.8,1.198
0.5354,-0.0229,0.441,-2.156,0.0344,26.95,56.97,15.16,2.38,926.4,49.3,-3897.45,-7136.71,1.172
0.2852,-0.126,-0.455,-14.719,0.0319,25.57,50.8,30.69,3.71,836.7,23.2,-19470.95,-32773.66,2.19
0.631,0.1744,4.503,7.87,0.0422,23.36,26.83,8.94,4.41,886.2,61.4,14545.52,4850.27,1.438
0.6611,0.8992,16.063,-10.305,0.0421,26.27,64.12,41.65,1.95,860.1,99.2,28106.95,-66027.94,2.959
0.3751,0.485,2.872,-10.91,0.0254,22.09,70.31,20.49,3.46,945.2,175.4,-6516.05,-47392.91,2.337
0.6066,-0.1838,1.448,-3.141,0.0372,18.35,41.05,16.01,4.25,845.4,74.9,485.43,-8859.81,1.279
0.3554,0.5896,-16.188,-9.8,0.0324,14.03,41.6,57.41,3.4,884.2,43.5,-51457.2,-3614.53,2.34
0.3243,-0.5927,-15.735,3.019,0.0333,24.08,22.83,46.72,3.38,902.3,34.2,-15407.35,11444.73,1.59
0.2135,-0.8452,-11.256,-4.627,0.0416,24.63,42.92,47.33,1.78,892.0,35.3,-27481.21,5153.51,1.808
0.4549,-0.532,-16.831,-1.839,0.0312,31.5,32.77,37.61,2.87,936.2,38.7,-24268.6,9268.02,1.954
-0.6145,-0.2873,8.761,1.338,0.0439,20.51,23.15,50.43,2.97,852.4,138.4,11458.79,-6311.56,1.402
0.6856,0.019,8.04,-10.673,0.0286,21.09,6.7,45.67,3.45,872.8,15.7,167.21,-5040.93,1.121
0.6693,0.2072,-13.102,-12.393,0.0383,17.63,19.69,36.13,4.49,930.9,179.5,-25184.1,-4200.02,1.617
-0.8474,0.7391,12.099,13.695,0.0384,15.27,15.85,57.69,1.12,893.9,96.5,18515.11,4995.25,1.562
0.5865,0.0177,-12.428,-2.386,0.03,27.91,39.94,11.9,1.23,876.3,100.2,-25309.2,6482.79,1.859
-0.668,0.0023,-7.158,-3.165,0.0315,18.49,44.12,56.63,1.27,824.1,67.6,-21029.78,858.5,1.556
-0.2968,-0.8096,-9.037,-16.718,0.0417,24.96,44.6,24.39,3.6,925.5,125.8,-43737.9,-23297.2,2.465
0.4383,-0.8372,-4.597,-0.073,0.0402,26.38,29.17,31.94,1.48,956.1,87.5,-6836.95,4104.79,1.187
-0.6106,0.0921,-8.832,1.95,0.0316,22.48,31.49,7.8,3.18,906.8,62.6,-10912.96,10044.68,1.41
0.5723,-0.1113,-0.398,2.118,0.0357,29.77,60.4,32.64,2.14,939.9,51.4,2490.52,3391.99,1.258
0.5978,0.6105,-3.333,7.453,0.0262,21.99,35.34,36.87,2.6,892.4,167.0,494.53,17886.16,1.461
0.0134,-0.6108,17.517,-11.611,0.0292,19.13,71.14,59.86,1.75,852.4,55.9,47564.2,-75961.97,3.476
-0.8885,-0.8551,-15.987,-8.92,0.0347,30.13,32.77,58.52,4.03,822.0,81.4,-32289.54,84.41,1.969
-0.3833,-0.0917,-12.881,11.186,0.0267,29.51,47.47,58.0,3.05,911.5,66.3,-17251.4,34493.53,2.326
0.2105,-0.4725,-16.098,16.098,0.0419,16.95,5.53,21.23,4.31,889.0,20.1,-1619.52,7624.27,1.28
0.8661,-0.8107,4.53,-13.106,0.0394,14.47,47.73,59.48,3.01,929.5,37.5,-11555.7,-41128.97,2.186
0.2373,0.4043,-16.038,-0.085,0.0439,15.62,61.6,27.6,1.43,917.3,38.2,-53679.08,36419.5,2.736
-0.4324,-0.6991,12.112,-10.29,0.0389,19.16,67.97,51.18,1.6,958.3,126.4,23485.35,-69483.5,2.855
0.2412,0.195,0.43,-15.837,0.0438,31.5,71.81,13.37,4.46,891.4,76.2,-36270.05,-46673.07,2.92
0.072,-0.3941,0.972,-6.282,0.0361,24.05,21.75,30.6,3.54,879.8,141.8,-3495.54,-6996.85,1.159
0.5037,-0.5877,2.217,-12.827,0.037,20.72,42.28,57.98,1.17,860.1,129.1,-13913.9,-32865.76,1.908
-0.7074,-0.2164,-11.851,7.558,0.0445,30.0,33.55,56.85,3.46,886.8,38.6,-8673.76,23596.82,1.894
0.4699,0.5426,-10.883,1.214,0.0378,22.16,41.47,41.18,2.44,942.2,103.5,-21862.0,17464.58,1.735
0.0743,-0.1942,-6.523,-12.822,0.0256,19.67,13.02,47.97,2.08,825.9,135.0,-9039.83,-7403.11,1.388
0.8334,0.4514,3.366,-17.667,0.0395,30.94,61.93,11.0,1.54,956.9,115.8,-21128.38,-54598.16,2.859
-0.2846,-0.6741,-10.436,11.094,0.0431,29.29,65.67,43.44,3.94,959.1,110.0,-5778.03,55649.25,2.533
0.2387,0.491,-13.812,-11.657,0.0409,29.19,33.48,37.27,1.22,903.7,134.4,-31654.67,-3480.17,2.04
0.7777,-0.4735,16.924,3.824,0.0367,23.22,21.63,5.95,2.01,866.4,14.9,19136.67,-4806.8,1.689
-0.7155,0.3193,-17.209,-5.871,0.0384,28.21,11.86,7.23,2.07,851.2,133.0,-12840.58,2646.1,1.357
0.787,0.1184,10.897,3.077,0.0448,17.23,49.86,6.95,1.56,858.7,52.7,35421.69,-13517.64,2.003
0.3382,0.7725,10.369,-6.636,0.0268,24.32,23.86,43.6,2.78,827.0,105.1,10258.09,-14335.34,1.406
-0.7779,-0.2028,-7.3,-14.87,0.0383,31.71,65.67,8.93,1.04,886.5,47.4,-43328.78,-27763.55,2.744
-0.3583,-0.7809,-13.117,-9.974,0.0307,19.24,48.97,28.33,2.05,828.0,151.8,-49376.02,-8083.47,2.355
0.3747,-0.8655,-12.757,-11.23,0.0378,28.3,47.2,21.74,4.27,920.6,89.1,-42805.12,-6431.13,2.361
-0.7788,0.5883,7.108,-2.591,0.0372,22.83,41.16,33.25,2.09,872.1,117.5,10754.44,-15080.77,1.587
0.1479,0.0445,5.141,5.698,0.0281,14.72,5.2,42.54,2.26,847.9,144.0,2456.69,1036.36,1.099
-0.2774,0.4954,10.179,-8.503,0.0291,27.73,67.23,41.24,2.66,896.3,161.7,20465.73,-46319.67,2.427
0.2176,-0.478,15.749,-17.565,0.0374,17.03,45.96,31.17,2.97,956.3,133.1,14719.77,-74094.98,2.818
-0.8177,-0.2788,6.909,0.682,0.0276,25.37,71.58,28.13,3.83,917.3,31.0,24311.1,-7771.96,1.858
0.6688,-0.8458,-12.389,3.807,0.0303,15.54,39.61,24.17,1.67,888.8,154.5,-24429.44,23350.22,1.762
0.8523,0.8307,-9.236,16.663,0.0417,31.04,51.71,51.78,4.05,928.8,113.3,5238.35,51461.94,2.64
0.844,0.3022,12.319,3.221,0.0315,19.25,5.93,20.19,3.65,923.2,111.7,4676.63,-828.3,1.109
0.4494,0.7798,-10.465,-1.038,0.0348,18.08,46.22,15.93,3.53,944.8,166.2,-28857.32,13174.24,1.777
-0.6658,-0.4221,-15.389,2.642,0.0438,16.32,55.53,44.73,1.3,848.7,48.5,-42993.04,39649.29,2.47
0.4649,0.2006,7.318,15.404,0.0295,31.03,56.5,21.91,1.08,940.2,46.9,34883.66,26084.73,2.548
-0.8557,0.3213,-3.509,11.822,0.0328,26.81,55.91,50.9,3.08,862.1,94.8,7444.4,35641.31,2.17
-0.8602,-0.3284,15.121,-6.373,0.0371,27.35,17.84,20.01,4.02,951.7,136.4,10016.97,-14523.72,1.516
-0.3175,0.6266,5.409,-9.459,0.0401,22.99,70.28,42.27,3.05,859.3,83.3,-3138.75,-47689.6,2.33
-0.0204,0.8049,-14.745,-8.545,0.043,22.55,71.66,3.18,1.75,949.8,115.9,-76864.31,8174.74,2.979
0.4867,0.6927,16.123,0.159,0.0433,15.98,7.29,23.44,1.32,954.9,84.2,6457.88,-4678.95,1.121
0.3299,0.4303,-8.692,8.786,0.0405,24.08,67.55,20.92,3.45,840.4,111.8,-8179.43,48972.02,2.405
-0.0974,-0.4006,-5.86,0.116,0.0296,18.44,22.26,49.09,3.53,956.4,148.9,-6816.0,3618.37,1.203
-0.4075,-0.3931,-3.519,-15.559,0.0255,31.59,50.25,58.04,1.6,832.0,36.6,-20187.19,-30515.74,2.481
0.8948,0.834,-16.156,8.049,0.0327,28.34,25.67,27.92,1.1,850.6,126.7,-15300.55,20709.06,1.795
-0.1329,-0.8815,-0.125,11.015,0.0278,21.43,69.74,49.58,2.43,882.2,142.8,19491.75,42079.53,2.283
-0.0875,0.3889,-13.561,-7.578,0.0392,16.72,9.11,42.13,3.04,959.1,83.2,-9302.68,201.52,1.227
-0.6055,0.3712,-3.565,5.909,0.0382,28.14,36.84,58.06,3.47,888.4,61.6,-262.0,12381.45,1.363
0.5307,0.2208,-5.374,-2.643,0.0259,16.2,31.96,48.76,3.83,897.1,7.4,-10780.2,-1552.02,1.347
0.3486,0.8822,9.822,14.008,0.0417,17.41,24.82,5.11,3.14,917.2,144.5,28421.58,10301.68,1.704
-0.5026,-0.3386,10.914,12.428,0.03,17.81,47.19,42.94,1.39,955.6,62.4,44433.99,18489.58,2.297
-0.7517,-0.2881,-12.477,0.916,0.0336,24.02,11.17,32.36,3.39,929.7,67.5,-6270.27,3992.42,1.238
0.3249,-0.7579,-4.804,6.894,0.0384,28.17,52.17,1.48,4.44,851.4,63.8,-733.01,22618.52,1.742
0.2781,-0.103,-4.559,13.801,0.0336,19.66,70.64,15.45,4.17,862.4,92.3,12488.56,62214.35,2.624
-0.4081,-0.4301,-12.549,-0.154,0.0338,15.52,58.32,55.34,4.05,833.7,127.9,-42260.45,23586.82,2.262
0.8116,-0.2819,10.744,-6.723,0.0263,22.36,62.2,55.6,2.06,910.2,140.1,27555.19,-36878.26,2.272
-0.6281,0.6022,7.46,9.132,0.033,27.47,27.17,48.03,3.63,845.3,73.7,14906.42,6821.82,1.527
-0.1218,0.7839,-11.146,-10.078,0.0403,17.99,24.74,58.92,3.98,856.0,121.0,-25634.0,-3137.06,1.684
0.7985,-0.5657,-4.798,-4.013,0.0433,17.96,38.19,48.49,3.37,944.3,131.1,-16548.74,-1668.31,1.487
-0.1445,-0.2295,-14.191,13.166,0.0333,31.05,5.2,1.11,1.88,865.7,57.0,-916.03,4394.26,1.083
0.2493,0.7715,4.615,8.079,0.0335,31.17,68.18,17.63,4.34,899.3,21.9,24711.32,15632.88,2.059
-0.1843,-0.7887,-13.631,-3.463,0.0391,31.83,12.06,2.32,2.58,875.7,161.6,-7613.5,3225.83,1.296
-0.4064,-0.7338,17.494,-10.269,0.0439,28.54,65.21,6.1,1.45,830.4,123.5,31052.87,-70630.93,3.129
0.8712,-0.607,10.105,-5.185,0.0303,17.39,7.85,13.52,1.38,870.8,118.4,3279.61,-4305.38,1.189
-0.1632,0.1714,-3.951,-7.772,0.0338,17.82,59.58,30.46,3.27,877.1,15.3,-25299.88,-17942.99,1.872
0.7094,-0.6291,2.828,-11.661,0.0409,20.12,12.64,50.93,2.53,945.4,148.1,-3563.87,-9204.11,1.262
-0.4861,0.8425,14.808,8.76,0.0372,19.73,4.67,51.79,1.33,865.4,104.1,4872.63,-42.71,1.088
-0.5164,-0.0959,1.948,-8.925,0.0272,31.22,52.36,37.16,3.59,873.1,153.4,-6096.54,-24936.43,1.818
-0.844,0.0027,-11.718,-1.65,0.0376,28.2,21.62,55.73,3.8,929.6,175.5,-13231.62,5638.61,1.468
0.273,-0.456,-4.367,-4.109,0.0287,27.03,52.01,30.25,3.54,926.3,172.5,-15040.02,-2716.97,1.526
-0.2367,-0.0523,12.353,17.355,0.0352,17.35,40.86,53.4,1.71,931.8,154.8,56357.23,25540.99,2.425
0.6558,0.2914,5.192,-3.921,0.0356,30.37,9.62,27.52,3.41,953.5,6.9,839.88,-1532.0,1.082
-0.0482,0.4521,5.426,-15.121,0.0425,28.9,67.25,16.99,1.04,931.4,160.0,-16886.83,-63021.58,2.812
0.8427,0.457,13.206,-14.766,0.0342,16.95,33.66,55.03,2.07,877.1,18.1,8564.39,-39144.42,2.114
-0.5661,0.1402,14.183,3.267,0.0306,29.68,53.41,23.58,2.4,935.0,154.0,41726.21,-12269.0,2.341
0.6635,0.7278,15.113,3.577,0.0296,18.9,37.07,30.45,3.92,891.2,54.0,34157.86,-7122.77,1.936
0.4979,0.5713,-14.585,-2.925,0.0425,15.46,44.31,20.07,2.37,858.9,111.8,-43710.15,19244.3,2.038
0.4877,0.4627,1.589,-2.454,0.0284,25.82,23.19,39.94,1.04,862.4,11.7,-297.91,-2502.52,1.131
0.6206,-0.7999,8.658,-16.058,0.0335,25.77,16.03,59.7,2.23,851.3,140.0,600.2,-17448.67,1.463
0.4698,-0.8876,9.249,0.596,0.0287,15.71,39.98,2.02,2.75,840.3,24.5,20899.82,-7121.46,1.657
0.2272,-0.5176,3.842,0.171,0.0405,19.74,32.82,54.04,4.32,845.8,76.9,7004.23,-4584.28,1.211
-0.6638,0.2943,-11.996,-12.616,0.0345,31.87,29.31,0.73,4.29,828.8,148.1,-26135.72,-8123.7,1.883
-0.8415,-0.1598,10.707,-14.262,0.032,26.21,49.08,22.17,1.63,944.4,126.7,6412.23,-49098.81,2.408
0.7575,-0.1757,7.924,-13.551,0.0322,27.14,50.34,10.53,1.65,950.3,6.1,1064.78,-39855.41,2.324
0.21,0.6923,-14.899,-14.363,0.042,17.83,5.21,45.56,1.57,902.1,75.5,-6830.84,-666.61,1.145
0.5338,0.712,-1.303,3.949,0.0361,15.42,25.71,3.51,3.76,937.7,12.3,3137.19,6214.22,1.117
-0.0333,0.7365,-11.737,-10.927,0.0394,18.98,30.82,33.43,1.02,845.7,122.9,-32618.12,-4993.44,1.781
-0.6888,-0.335,-5.851,-8.949,0.0429,18.48,8.78,18.05,1.45,946.2,174.6,-5152.64,-1932.47,1.129
-0.6747,0.3439,-17.349,-11.751,0.043,18.22,18.51,8.45,2.88,890.9,119.7,-26192.48,-237.45,1.709
0.334,-0.4111,-3.588,16.482,0.0316,17.47,5.61,46.42,1.87,829.4,44.3,954.68,6028.49,1.129
-0.1254,-0.5569,1.796,12.766,0.044,24.35,71.74,13.44,1.32,839.8,67.2,38111.8,39750.85,2.478
-0.5391,-0.5677,4.305,-9.702,0.0255,19.91,53.56,13.81,2.26,863.3,175.9,1891.51,-36647.2,1.954
-0.0151,-0.2842,5.886,-6.208,0.0325,28.77,8.12,16.87,1.96,826.1,44.2,-163.87,-3037.58,1.117
-0.7844,-0.1261,12.106,-10.444,0.0429,17.31,3.42,35.41,2.79,863.3,103.3,1096.81,-3920.0,1.066
0.1475,0.5957,-10.243,-0.292,0.0305,22.36,52.35,39.75,4.43,828.4,75.1,-26074.36,14409.5,1.886
-0.4158,-0.6842,-13.663,-17.294,0.0305,14.25,32.74,1.55,1.44,853.0,139.5,-44684.0,-21139.09,2.252
0.5356,0.4229,12.655,6.169,0.0311,22.67,57.08,14.89,2.3,857.2,156.8,48948.6,-565.22,2.373
-0.3413,0.0566,-12.362,0.834,0.0372,15.01,66.64,26.14,4.26,959.2,64.6,-44826.95,33040.61,2.405
-0.0806,-0.3817,17.091,14.351,0.0338,31.6,43.95,20.25,4.07,853.0,120.6,48805.27,8570.05,2.576
-0.8791,-0.0129,12.331,-12.082,0.0395,28.23,15.1,53.11,2.38,853.5,101.1,2533.74,-14458.08,1.579
-0.7696,-0.3601,0.032,10.948,0.0429,22.82,56.75,47.37,3.45,916.2,53.7,20601.64,29495.02,2.088
-0.1935,0.1729,17.331,10.511,0.0385,15.56,68.91,37.74,1.31,940.3,52.6,91926.83,1849.26,3.354
-0.0361,-0.1191,-14.494,-13.421,0.0291,24.66,42.62,20.61,3.49,874.2,99.3,-44623.85,-15593.02,2.345
0.18,-0.6041,-7.09,-3.652,0.0437,27.66,49.74,42.19,4.41,942.6,32.0,-20961.67,1532.57,1.709
-0.375,-0.6902,4.976,-11.875,0.0303,17.43,25.62,50.7,2.88,867.6,146.9,-1908.47,-22659.74,1.525
0.351,0.0841,-5.4,-8.83,0.028,24.23,28.71,35.89,2.74,847.6,17.1,-11867.16,-7711.23,1.485
0.6482,0.7243,15.421,-8.523,0.0268,28.66,53.43,47.18,1.66,866.1,21.6,27734.12,-35569.94,2.485
0.5037,-0.2809,-15.637,2.025,0.0363,27.83,66.94,45.07,3.22,905.3,64.9,-44476.22,33744.16,2.697
-0.8287,0.4194,1.779,-3.189,0.0273,28.45,46.03,34.52,3.07,871.4,25.7,1024.99,-6665.01,1.302
-0.0351,0.2856,3.271,16.118,0.0278,29.83,57.29,19.07,3.28,914.2,88.2,26423.16,37837.39,2.621
-0.7111,0.7768,5.498,-13.451,0.031,30.88,14.01,44.87,1.09,853.2,74.9,-693.1,-9684.42,1.374
-0.4643,0.5778,-8.796,17.053,0.0306,21.3,16.84,12.8,2.92,918.1,131.3,157.05,20180.14,1.571
0.876,0.1199,-4.876,-9.697,0.0371,24.24,39.24,46.88,3.08,868.6,171.8,-22846.62,-14264.49,1.707
-0.6435,0.2827,12.372,9.823,0.0413,28.23,14.36,48.37,1.73,883.8,136.9,12380.72,924.85,1.358
-0.002,0.7171,-10.982,-5.797,0.0402,26.55,46.45,49.42,1.73,898.1,36.4,-30705.32,3273.66,1.976
0.2127,-0.1809,11.767,-12.849,0.0302,31.92,22.42,28.64,1.97,916.1,168.7,4887.18,-18874.41,1.692
0.3644,-0.3118,2.256,12.884,0.0299,14.25,57.41,11.95,3.49,853.4,73.6,28093.77,38690.05,2.252
0.1074,-0.8805,9.439,-6.881,0.0443,20.39,58.57,6.43,3.12,937.0,88.0,12946.9,-45438.34,2.201
-0.8824,0.5878,7.69,5.719,0.0252,19.06,34.47,44.73,3.96,921.1,78.8,16411.84,5364.78,1.54
-0.3124,0.5418,-10.53,2.392,0.0426,18.72,14.66,53.23,2.03,852.8,54.1,-6392.47,8002.61,1.215
0.0319,-0.712,2.477,-1.017,0.029,18.01,47.27,39.22,4.19,956.5,161.6,4830.78,-5629.8,1.21
-0.7418,0.1383,13.238,-0.15,0.0439,26.76,71.5,9.08,3.6,913.1,63.1,43990.57,-31211.41,2.583
-0.2689,-0.0648,-2.444,8.361,0.0318,15.53,45.58,56.13,2.38,883.3,106.3,5336.85,24612.54,1.658
-0.8402,-0.6863,16.797,-14.84,0.0338,27.35,4.5,59.35,1.33,842.1,47.0,2033.72,-4737.27,1.232
-0.7586,0.865,-1.72,6.055,0.0391,26.48,3.21,26.29,1.9,894.7,144.5,675.64,1327.16,1.074
-0.1855,-0.5135,-12.86,14.249,0.0368,18.51,24.43,35.89,4.35,843.1,140.5,-6343.66,30836.12,1.71
-0.6611,-0.779,-3.98,-15.92,0.0314,18.55,15.7,46.75,2.09,880.1,56.9,-10160.56,-10331.14,1.506
0.1216,0.1707,16.261,-12.936,0.0361,25.32,58.91,44.32,2.15,877.2,124.3,24410.4,-68614.07,2.903
0.341,0.43,-6.49,7.799,0.0396,27.72,61.14,58.08,1.66,920.8,128.2,-2451.13,34895.02,2.141
0.5411,-0.8416,13.252,-2.258,0.0258,29.78,20.1,7.34,3.82,846.9,103.4,11240.99,-7907.95,1.436
-0.5397,0.2857,13.725,-3.472,0.0252,29.34,24.8,35.05,1.96,935.1,110.1,13513.7,-9742.33,1.576
-0.5985,0.0581,-5.393,-13.069,0.0342,31.37,18.54,41.67,2.16,865.7,105.5,-9781.85,-9225.98,1.434
-0.7118,-0.7141,-15.003,0.244,0.0276,24.46,65.59,53.46,2.45,882.2,19.3,-48459.16,19483.94,2.659
0.2456,-0.5895,8.084,-13.444,0.0383,30.36,37.19,52.51,2.52,928.1,122.3,-845.62,-31785.89,1.972
0.3717,0.1224,-6.786,-0.842,0.0293,28.55,47.93,58.69,2.44,907.6,87.2,-14279.48,5525.09,1.54
-0.8431,-0.3666,10.185,9.49,0.0337,30.1,31.08,30.97,2.76,863.1,81.7,20604.83,4892.23,1.787
0.7852,0.789,-2.064,-8.702,0.029,14.21,46.17,49.93,3.85,874.1,155.5,-18234.28,-22372.85,1.717
-0.8065,0.5737,-0.53,-0.692,0.036,31.39,29.01,25.92,3.87,862.8,9.1,-1332.34,-492.75,0.994
0.0743,0.8704,10.005,17.713,0.0273,22.52,25.78,25.63,3.79,903.3,49.0,21483.59,17262.69,1.911
0.3763,-0.4326,-4.235,6.719,0.0255,28.37,46.41,15.57,1.35,866.6,26.2,-2051.47,18174.88,1.641
0.6677,0.8455,-2.047,12.289,0.026,16.29,43.37,49.19,3.8,921.6,11.2,7088.05,31400.49,1.873
0.3854,-0.1238,-4.457,-3.065,0.0441,21.13,22.55,59.16,1.42,901.2,53.2,-7453.14,152.68,1.243
0.5431,-0.2745,-4.776,9.643,0.0278,18.89,12.45,15.75,1.44,840.4,178.0,-448.7,9723.63,1.215
-0.289,-0.8094,0.934,-16.542,0.0392,19.25,27.8,3.84,4.32,863.4,52.3,-13959.3,-24610.12,1.757
0.5667,-0.805,11.117,-13.575,0.0264,16.22,31.06,49.02,3.87,851.0,121.1,10668.18,-34670.65,1.896
-0.7558,0.3456,-4.976,-10.689,0.0272,28.5,46.01,37.4,2.93,874.6,25.7,-19146.34,-16563.26,1.783
0.7107,-0.0757,0.873,-3.53,0.0352,14.17,66.02,57.6,4.06,892.2,110.3,-6425.43,-14218.08,1.374
0.0857,-0.4923,6.146,12.447,0.0343,19.63,4.53,15.51,4.46,890.9,177.3,3617.05,2155.31,1.141
0.5711,0.2051,-8.3,-5.534,0.044,17.14,19.06,4.73,3.14,925.6,56.1,-12145.88,-94.92,1.316
-0.0858,-0.4449,-8.009,5.566,0.0439,24.6,15.56,29.8,3.15,846.5,153.4,-2949.06,9055.36,1.189
0.2584,0.1397,15.603,7.535,0.0406,18.58,37.16,5.59,3.64,952.5,179.6,46013.01,-6347.83,2.121
0.0475,-0.2534,8.047,3.103,0.037,18.66,32.08,16.08,1.81,868.0,108.0,17285.14,-1993.59,1.446
0.4169,0.5824,2.779,-5.139,0.0341,22.79,53.03,8.0,1.58,862.0,59.1,695.17,-16076.93,1.455
-0.7531,0.5773,5.318,2.774,0.0321,25.75,18.97,13.84,3.66,915.9,122.9,7083.9,-528.82,1.3
-0.7914,-0.0408,-16.945,-5.678,0.0439,16.18,43.61,6.82,2.21,932.8,152.8,-54048.73,17242.7,2.246
-0.4552,-0.2685,4.252,-14.981,0.0371,17.16,63.87,57.26,1.47,873.0,35.0,-17149.88,-58604.1,2.702
-0.6128,-0.2474,0.342,17.741,0.0366,18.45,65.75,17.07,2.1,924.6,84.2,38932.01,61775.29,2.906
0.6692,0.5503,1.647,-13.421,0.0296,31.53,69.11,26.91,2.26,943.7,60.9,-12212.44,-42412.91,2.564
-0.5054,-0.3093,-5.061,-15.395,0.0259,21.15,56.13,53.97,4.38,927.4,54.6,-34915.45,-38823.71,2.471
0.8566,-0.5237,-15.067,13.627,0.0439,24.78,65.42,40.8,3.44,824.8,155.6,-18615.22,82990.53,3.153
-0.2936,-0.7476,-11.04,-7.134,0.0313,18.35,18.42,37.27,2.86,935.8,78.8,-14992.53,-1605.42,1.43
-0.5722,-0.06,16.227,5.411,0.0339,22.83,15.83,42.48,4.39,928.4,64.3,14726.24,-2897.82,1.472
0.5215,-0.0322,-3.287,-6.156,0.0273,15.33,2.45,49.81,4.16,913.7,110.6,-650.05,-731.99,1.086
0.2857,0.6136,-1.199,-3.908,0.0417,14.63,51.48,52.72,2.79,926.4,43.4,-10465.29,-7651.36,1.349
-0.0032,-0.5018,-16.102,-8.564,0.0256,22.44,67.62,38.74,4.17,957.1,45.2,-67665.75,-5629.44,3.167
0.0997,-0.2142,-16.648,-5.65,0.0417,21.18,15.09,53.46,2.42,880.4,96.1,-15892.1,4188.6,1.455
0.3946,0.5551,7.819,-3.215,0.0278,16.46,46.59,32.36,1.81,829.4,76.6,16207.03,-15022.36,1.685
-0.4888,0.5825,1.371,7.935,0.0427,26.38,54.25,17.0,1.81,884.5,56.6,16055.11,18781.98,1.66
0.8934,-0.2077,0.313,0.415,0.0396,31.87,66.93,52.86,3.32,826.5,14.4,541.11,2056.37,1.027
0.8546,-0.0736,-9.248,15.968,0.0283,21.12,47.28,32.72,2.75,861.2,96.1,-4836.13,51935.03,2.48
0.2706,-0.3541,8.811,-16.492,0.0363,25.24,69.92,54.42,3.31,902.2,147.9,-1809.78,-75833.82,3.175
-0.5408,0.7786,-11.943,0.11,0.0313,31.33,26.13,2.89,3.4,863.3,154.0,-14662.84,7190.35,1.529
0.3244,-0.6864,-11.162,3.032,0.0286,28.97,26.49,24.15,1.08,916.0,46.2,-10789.49,8763.03,1.47
-0.77,0.7807,-1.414,15.127,0.0422,22.34,40.01,56.89,1.19,935.1,109.9,20218.76,32913.01,2.019
-0.8448,0.331,-7.694,-16.23,0.0331,27.27,28.85,15.35,2.86,878.9,154.8,-24714.64,-18491.45,1.869
-0.4362,0.0568,-9.091,2.646,0.033,16.31,2.1,56.52,1.67,946.0,76.5,-812.85,909.19,0.974
-0.0673,-0.8412,5.229,12.731,0.0284,23.22,53.22,57.26,3.21,831.2,168.1,33057.72,30502.08,2.253
0.6629,-0.0439,5.435,-9.291,0.0327,19.02,54.62,52.99,2.93,937.6,163.0,1371.76,-37954.3,1.895
0.4089,-0.1661,11.683,13.547,0.0424,16.9,54.29,34.04,3.05,936.0,41.4,63001.22,16036.74,2.628
0.4369,-0.6098,-2.962,-17.314,0.0323,21.67,26.15,38.99,2.06,865.1,50.3,-14135.07,-20879.77,1.854
-0.1341,0.2815,-15.369,8.368,0.044,16.36,38.56,52.24,3.24,861.8,36.6,-19174.72,42097.26,2.159
-0.2773,0.8481,-8.148,15.592,0.0439,26.58,27.2,46.67,3.9,862.7,39.3,3514.44,26618.81,1.831
-0.2321,0.1119,17.28,5.659,0.0279,22.21,3.12,37.99,4.49,933.6,163.9,3724.66,-104.61,1.05
0.8778,0.3866,3.465,-2.195,0.0285,23.56,41.37,58.94,3.93,936.4,167.9,5820.32,-7995.75,1.371
-0.8278,-0.7768,7.551,-16.384,0.0423,16.63,10.66,41.3,2.95,866.2,14.1,-3330.02,-12979.23,1.389
0.6607,-0.1482,-17.735,15.124,0.0329,16.52,7.6,58.54,1.68,903.0,108.9,-4378.82,10133.84,1.253
0.1416,-0.6906,0.655,-1.069,0.0251,24.5,54.88,3.91,3.39,839.5,103.7,5.83,-1091.02,1.091
-0.1105,0.203,-16.649,-16.956,0.0305,31.73,2.67,8.77,4.28,885.6,73.3,-2742.04,-1147.69,1.168
0.4055,0.7893,2.492,6.834,0.037,15.73,69.13,27.36,1.74,959.8,115.5,26068.68,19783.5,1.928
-0.024,0.2912,15.148,-0.654,0.041,19.14,38.07,23.4,1.9,842.2,170.8,32226.13,-23460.69,1.899
0.6722,-0.7618,16.863,-13.524,0.0277,29.65,70.81,47.07,1.52,952.7,34.8,32363.89,-63181.68,3.5
0.7213,-0.2616,1.46,-10.286,0.0272,15.3,6.06,10.06,3.58,935.4,26.1,-754.25,-3383.96,1.098
-0.1409,0.0912,-1.505,-15.678,0.0434,29.77,42.85,58.58,2.42,956.1,10.8,-20328.09,-23604.86,2.016
-0.4017,-0.1742,16.021,2.675,0.04,23.44,26.45,19.25,1.22,845.1,68.7,22492.58,-8939.62,1.717
0.1662,0.6006,6.25,4.393,0.0368,21.35,61.04,26.02,4.06,849.9,64.1,25324.75,620.93,1.837
0.7423,0.5664,-15.664,0.207,0.0404,19.57,27.29,16.85,2.95,822.4,80.4,-22551.95,16030.89,1.64
-0.5208,0.2013,-1.234,11.416,0.0336,19.35,20.23,34.97,2.16,921.5,93.1,5461.73,12935.75,1.394
0.2213,-0.2278,-9.351,12.996,0.0402,19.5,62.03,3.99,2.2,910.2,137.6,-1602.39,66233.06,2.626
0.2368,-0.4404,-1.087,4.162,0.0324,29.93,28.23,9.41,2.02,844.9,73.6,461.28,4637.44,1.284
0.4196,-0.7094,-1.603,-17.541,0.0299,27.03,3.18,44.87,2.59,930.8,62.9,-1618.6,-2937.39,1.065
-0.6632,-0.2612,2.957,7.028,0.0396,26.06,29.32,11.6,2.18,861.9,149.7,9177.48,7170.15,1.449
0.3885,-0.1563,-5.156,-2.952,0.0334,28.38,47.82,14.51,2.92,838.9,153.7,-13764.55,-1046.55,1.444
0.7363,0.3165,-12.086,2.36,0.0446,18.63,19.81,47.68,3.71,879.2,45.7,-10403.34,12172.42,1.445
-0.5766,0.2847,0.134,5.367,0.032,25.12,32.24,6.05,3.36,832.7,60.1,4056.94,7452.93,1.301
-0.4724,-0.7738,11.887,-5.391,0.0434,22.28,5.97,26.53,2.03,856.9,149.4,2066.94,-4309.32,1.123
0.8485,-0.1885,5.904,15.016,0.0437,28.08,43.17,1.87,2.85,872.0,18.9,29238.69,21121.0,2.121
-0.5742,-0.5728,-5.819,-13.177,0.0298,19.57,54.94,21.14,3.94,939.3,62.0,-34991.14,-32026.61,2.335
0.6379,-0.6177,15.679,6.174,0.041,25.58,30.93,42.09,1.24,931.0,83.5,28434.89,-6938.79,1.847
-0.0139,0.5891,14.839,-17.843,0.0337,29.88,31.42,5.86,1.27,882.0,37.7,7136.69,-34470.48,2.181
-0.455,-0.8246,-10.463,15.287,0.0434,21.24,8.18,53.36,2.95,921.4,36.5,1010.46,9354.7,1.326
0.6673,-0.1455,-16.581,-13.95,0.034,15.2,16.14,54.62,3.24,899.6,79.4,-22949.7,-3984.75,1.61
-0.0985,-0.5972,8.687,-14.584,0.0399,23.29,12.83,6.75,1.74,867.7,137.0,-1024.96,-13177.83,1.395
0.0267,0.6828,11.794,-6.012,0.0343,20.23,35.72,59.45,3.61,921.6,152.0,17277.78,-25152.77,1.768
-0.2534,0.1027,16.843,-4.552,0.0296,26.1,39.05,18.2,3.26,915.7,176.4,29164.53,-25460.98,2.126
0.1673,-0.4835,14.034,-10.285,0.029,31.12,68.43,5.5,4.23,906.7,17.9,27994.45,-46261.69,2.972
-0.6057,0.0044,3.619,3.064,0.0335,22.74,7.13,0.8,1.59,906.5,42.9,2326.64,-269.56,1.073
-0.1961,0.4167,1.082,-2.055,0.0401,22.39,43.99,24.81,3.63,915.6,137.4,-1018.98,-6165.35,1.202
0.8449,0.8246,-16.998,-16.77,0.0371,25.78,38.85,37.97,1.29,873.8,99.6,-52383.65,-12476.15,2.545
-0.4354,-0.5032,-9.12,-6.493,0.0388,15.86,38.14,20.26,2.98,941.7,62.3,-28305.02,-963.73,1.672
0.2821,0.6951,-1.454,11.176,0.0306,18.56,63.12,50.28,2.93,842.7,41.0,13274.33,38310.71,2.224
-0.3147,0.7817,4.626,6.829,0.0346,30.54,16.39,43.14,2.36,943.7,54.1,5988.42,2020.81,1.227
0.4923,0.7496,2.061,8.095,0.0259,26.06,4.85,21.33,3.96,867.9,80.1,1596.37,1566.44,0.996
-0.6644,0.2437,8.735,7.132,0.0414,14.24,49.06,44.19,1.02,837.5,36.0,35787.18,5182.8,1.815
0.8457,0.2337,-7.928,-6.805,0.0448,17.68,26.16,56.46,2.82,904.0,173.7,-18893.75,-1929.14,1.47
-0.0832,-0.1742,2.338,-14.412,0.0331,26.29,3.23,6.04,1.76,872.6,23.8,-612.12,-1957.03,1.037
-0.4751,0.4543,-14.827,-8.191,0.0252,27.76,19.6,18.71,3.6,934.2,177.5,-18649.42,-1245.36,1.575
-0.7677,0.0563,-3.108,11.944,0.0284,29.12,23.65,28.07,1.15,880.3,152.3,1901.82,15300.93,1.448
-0.5944,0.3194,9.006,17.297,0.0381,19.26,45.18,30.13,3.91,913.6,79.1,48006.49,28056.05,2.475
0.0356,-0.1288,6.962,-0.222,0.0372,30.76,14.08,32.76,3.93,863.2,134.5,3601.82,-2551.18,1.145
-0.2934,0.4167,17.663,-17.651,0.0408,23.95,30.91,18.39,3.92,849.3,122.5,10521.72,-46567.15,2.374
0.592,0.584,-7.996,-12.958,0.0301,26.54,35.77,40.2,1.53,874.3,42.3,-24371.0,-15710.87,1.955
-0.1244,-0.6364,-0.065,-6.405,0.0403,24.74,34.15,38.88,3.21,905.0,64.3,-6474.24,-10441.89,1.432
-0.4523,0.5993,-6.137,2.829,0.0388,16.21,70.18,34.88,1.05,912.0,94.8,-16446.19,26898.92,1.792
0.2109,0.0725,-2.138,-15.297,0.0315,31.34,5.19,7.27,3.97,900.9,116.6,-2480.5,-2981.68,1.175
0.3722,0.6204,12.85,15.961,0.0359,16.21,68.57,28.88,3.53,958.3,100.0,87715.4,33688.65,3.346
-0.5993,-0.1237,6.632,-4.857,0.0279,18.59,42.74,21.7,2.86,916.8,87.8,11163.94,-18270.55,1.659
-0.5983,-0.2177,13.768,14.853,0.0341,28.65,57.7,29.72,3.56,950.4,82.6,56446.03,20202.28,2.944
-0.834,0.7471,-10.674,10.099,0.0426,25.13,32.13,55.35,1.33,836.5,92.2,-5978.32,27145.5,1.717
0.4255,-0.4479,13.441,9.196,0.0334,29.09,33.77,29.09,2.85,828.6,81.0,27362.66,2750.09,1.817
0.2948,0.6196,-15.849,3.842,0.0418,23.28,63.55,1.33,2.02,863.5,99.7,-42672.02,46258.64,2.811
-0.0457,-0.0288,13.99,4.564,0.0368,20.79,64.72,26.61,4.4,839.1,160.4,59793.09,-14673.97,2.611
0.6195,0.0254,-6.153,4.968,0.0288,30.59,18.71,49.33,4.0,893.6,115.7,-4260.92,8242.87,1.274
0.5502,-0.3448,-6.675,4.634,0.0366,14.65,15.95,46.91,3.57,892.7,131.5,-4202.55,8018.82,1.29
0.1536,0.1315,0.435,1.934,0.0351,29.41,36.74,31.05,4.27,900.5,109.6,4001.63,3762.24,1.039
0.6629,-0.3146,15.865,17.511,0.033,18.15,65.02,15.36,2.21,924.3,117.5,94031.0,36348.63,3.5
-0.5295,-0.8293,-16.28,8.362,0.0274,29.28,24.56,28.17,4.15,956.0,106.2,-14369.4,17591.81,1.738
-0.6985,-0.4104,-5.32,9.97,0.0333,16.51,47.64,34.04,2.14,943.0,9.7,-22.29,32677.19,1.934
-0.4145,-0.8885,12.837,13.409,0.0265,24.44,51.57,59.99,3.56,836.6,179.9,52189.29,22858.13,2.561
-0.7972,0.861,-3.742,-10.237,0.027,29.99,56.51,38.83,3.58,867.4,10.9,-19392.08,-21626.08,1.966
0.0561,0.8383,-10.83,-14.983,0.0333,22.52,41.47,41.81,1.06,855.8,74.2,-39404.06,-21017.61,2.217
0.7859,-0.1887,-2.707,-0.616,0.0311,27.44,30.17,29.74,2.26,844.8,23.4,-3605.64,1090.86,1.197
-0.8292,0.4111,-4.12,0.507,0.0435,28.48,69.69,21.59,1.07,896.3,22.0,-11613.41,9471.23,1.445
-0.6802,-0.2775,14.955,11.851,0.0325,27.26,44.79,48.87,4.49,897.5,143.9,47596.75,11050.51,2.397
-0.086,0.308,9.43,-2.024,0.0402,30.66,53.0,29.95,1.43,851.8,79.5,15297.92,-18832.11,1.884
0.781,0.5498,0.184,2.551,0.0356,22.04,26.15,59.68,2.9,919.7,145.2,2642.44,4637.07,1.077
-0.3309,0.8042,17.581,0.975,0.0391,17.12,48.9,27.7,3.77,922.6,52.7,47083.03,-27582.78,2.35
0.013,-0.1796,-1.25,-16.625,0.0302,14.86,20.05,4.55,1.7,822.9,49.9,-10711.14,-17116.07,1.478
-0.8252,0.5099,-15.903,4.148,0.0438,18.44,19.16,41.11,2.7,875.4,49.0,-13822.75,16013.47,1.522
-0.633,-0.4213,-8.558,11.81,0.0356,16.58,52.03,3.28,3.13,944.6,112.8,-5258.25,50988.56,2.29
0.8759,0.8826,-2.301,-12.33,0.0416,24.04,38.5,15.4,1.56,892.8,147.6,-20849.35,-21851.94,1.795
0.8372,-0.8536,-12.352,3.396,0.0323,17.33,49.83,21.55,3.72,868.7,84.1,-27813.0,28022.13,2.085
-0.8911,0.1864,16.112,3.37,0.027,14.7,20.86,44.5,2.05,855.5,71.4,20459.52,-3184.97,1.492
0.8133,0.2871,9.607,-12.089,0.0385,14.65,43.91,29.91,1.74,854.1,175.4,6588.08,-49660.89,2.053
0.2504,0.3385,-8.342,-13.555,0.0252,28.97,33.08,2.2,2.95,834.0,25.4,-19545.79,-14913.76,1.99
0.6623,-0.6833,3.269,17.282,0.0345,24.65,43.79,37.2,2.44,934.4,90.2,27528.29,33437.68,2.345
-0.0815,0.7894,7.972,-3.826,0.0289,20.45,22.36,24.98,4.22,832.1,76.5,7668.4,-7661.38,1.368
0.0281,-0.5739,15.886,-9.813,0.0375,30.1,52.08,55.35,4.08,860.9,22.2,21152.33,-40896.06,2.588
-0.0201,0.221,13.739,-11.832,0.0446,15.26,58.42,30.22,2.69,826.4,51.9,17513.91,-69473.36,2.753
0.3004,-0.4992,0.547,6.034,0.0343,31.65,20.19,42.68,2.26,929.4,10.0,2391.65,4513.52,1.204
-0.6486,-0.347,9.887,3.94,0.0413,25.09,23.04,13.52,2.14,825.5,158.5,14273.42,-3308.19,1.474
-0.846,0.0836,2.237,5.168,0.0352,17.3,48.28,45.78,1.94,863.2,111.4,14930.44,10412.9,1.473
-0.3457,-0.1491,1.897,-14.832,0.0349,26.22,50.69,43.4,2.91,900.3,147.6,-15023.92,-39668.58,2.29
0.3684,-0.6116,-13.869,14.167,0.0436,27.74,51.29,54.29,3.82,877.3,96.3,-9150.92,57030.13,2.686
-0.5367,-0.5923,-13.459,-3.986,0.0428,21.73,49.79,2.51,2.09,859.5,109.9,-45212.04,15674.98,2.204
0.3122,-0.1473,1.063,-6.719,0.0407,29.51,29.5,27.13,1.67,858.5,127.6,-4861.91,-9416.0,1.35
0.8458,0.4631,-8.321,-1.355,0.0309,16.71,29.64,40.91,2.66,931.7,163.9,-15676.69,3093.91,1.419
-0.731,0.7163,-17.243,-3.958,0.0359,19.02,19.84,6.16,1.24,956.4,21.1,-20160.14,6744.71,1.548
0.3107,-0.7486,8.022,13.089,0.0295,15.68,12.98,24.93,3.45,868.7,62.9,10690.71,6201.83,1.326
-0.1012,-0.1924,-16.83,15.453,0.0339,17.8,50.48,56.56,2.81,825.5,129.1,-25434.02,73163.54,2.868
0.6627,-0.7196,3.43,-7.076,0.0347,18.3,8.52,26.44,2.74,825.1,172.7,37.78,-4017.93,1.11
-0.5811,-0.8701,1.411,13.102,0.0416,30.52,67.65,59.13,2.05,926.3,176.6,31684.53,39148.45,2.49
0.3467,0.2911,16.877,10.135,0.0429,15.41,59.87,3.88,4.17,897.3,116.7,85854.56,-5142.19,2.844
0.6086,0.1844,-0.568,15.509,0.0333,21.69,62.03,43.21,1.32,929.7,38.9,25837.73,50333.2,2.593
0.8003,-0.6066,-15.71,-9.153,0.0254,23.58,65.47,35.07,4.04,917.6,25.9,-62635.83,-9672.36,2.925
0.3298,-0.4791,1.861,2.771,0.0422,30.18,30.6,30.28,2.32,947.1,170.6,4499.43,2481.16,1.195
-0.0051,-0.8573,12.279,-8.116,0.0285,31.96,61.27,58.27,4.08,944.0,80.9,22912.12,-34475.21,2.535
0.2121,0.6029,17.887,11.667,0.0374,27.56,13.06,8.21,3.55,930.4,39.1,13868.36,1479.65,1.444
0.664,0.8544,-2.508,-17.808,0.0255,31.47,3.51,53.81,1.36,886.5,168.4,-1764.79,-3130.25,1.133
0.1271,-0.6562,-6.469,2.333,0.033,28.17,56.94,41.63,3.91,863.1,23.3,-10934.81,14416.12,1.682
-0.8453,-0.4833,14.64,-5.789,0.0447,31.34,7.24,15.91,3.39,891.0,132.7,3646.39,-5713.32,1.178
0.7757,0.6631,-11.115,-6.383,0.027,26.73,71.2,54.15,1.11,890.3,114.4,-45878.41,-6719.36,2.598
0.3411,0.7676,4.155,5.217,0.0335,15.44,49.24,26.04,1.47,905.4,20.4,18504.38,7779.09,1.511
0.3177,-0.1447,-3.394,12.653,0.0311,21.23,54.74,48.95,3.22,846.1,64.3,7681.46,40515.86,2.269
-0.5118,-0.8089,-16.521,3.931,0.0431,25.64,19.21,23.64,3.32,911.8,31.2,-11945.44,14294.41,1.532
0.286,-0.8291,-5.498,12.714,0.0424,20.31,49.17,51.13,3.61,883.9,110.8,8664.92,43178.2,2.093
-0.191,0.1331,-8.452,-8.475,0.0298,18.92,5.03,38.38,3.52,906.8,88.5,-3483.55,-1253.48,1.083
0.2722,-0.1928,6.699,0.702,0.0266,24.39,60.65,8.89,3.31,853.5,5.7,18836.72,-5862.17,1.626
-0.7081,-0.8484,16.156,-1.781,0.0375,30.8,13.87,39.15,3.68,880.8,175.7,9437.73,-8143.48,1.415
0.2841,0.1499,-8.35,-17.581,0.0317,14.63,50.82,11.89,3.01,849.4,66.2,-50842.42,-40374.91,2.568
0.8989,-0.8797,11.213,2.045,0.0384,27.85,17.71,25.01,1.91,942.5,50.2,8810.92,-3214.1,1.406
-0.8132,0.5173,-16.007,5.815,0.0256,27.01,6.79,10.63,4.19,888.3,43.9,-4543.72,3634.11,1.146
0.8589,-0.3484,1.372,3.309,0.0277,31.35,35.7,1.81,1.06,851.5,32.8,3892.1,4646.13,1.255
-0.1676,-0.8275,-15.46,8.506,0.0387,30.75,13.85,13.11,2.28,825.8,179.8,-7978.56,12401.73,1.409
0.6674,0.159,15.625,2.568,0.0292,27.72,53.06,32.41,3.55,914.6,56.6,41509.36,-13128.97,2.414
0.5083,-0.1842,9.589,-15.597,0.0422,23.37,18.63,29.15,2.5,850.1,76.0,-2346.58,-20164.71,1.539
0.1206,0.8528,5.686,-13.808,0.0262,17.68,25.97,30.34,1.09,958.5,157.5,404.57,-24759.11,1.664
0.4292,0.0796,11.66,3.473,0.0293,23.81,41.72,15.24,1.23,894.7,117.3,27319.72,-3989.02,1.853
0.6813,-0.4046,5.311,-8.101,0.045,27.78,21.95,41.27,3.27,860.5,69.5,-1068.35,-11747.19,1.281
-0.1725,0.377,16.882,-15.133,0.0337,30.12,28.46,42.4,4.38,912.1,162.2,12442.65,-34014.4,2.027
-0.3113,-0.4113,7.702,-2.534,0.0391,28.21,59.09,21.8,2.93,858.5,136.2,19062.05,-19251.07,1.772
0.3017,0.7276,15.288,1.956,0.0287,17.51,14.54,52.93,2.77,934.8,44.9,12910.93,-4059.53,1.336
0.5541,-0.2255,0.617,-6.165,0.0372,24.79,7.75,38.82,2.11,863.2,117.7,-2052.33,-2802.63,1.143
0.4721,0.0898,-13.786,7.936,0.0395,19.98,24.99,42.93,1.9,958.4,166.4,-11650.2,24238.92,1.663
0.5361,-0.809,1.014,5.176,0.0313,14.17,31.71,17.0,1.07,904.7,91.9,6522.06,7614.47,1.24
-0.116,-0.133,-13.433,-6.019,0.0416,17.6,39.99,0.54,1.96,938.2,133.4,-40060.78,6235.41,1.956
0.5721,0.5983,3.33,9.175,0.0371,16.04,28.07,51.99,2.57,830.2,174.9,15493.96,11666.83,1.431
-0.6836,0.5502,-0.63,5.353,0.0328,29.17,57.29,49.43,1.69,868.8,125.8,3490.71,13745.28,1.5
0.0801,-0.4962,4.413,4.948,0.0362,18.65,4.75,7.83,1.31,923.2,22.9,1750.77,227.95,0.999
-0.8896,-0.4931,-17.638,1.923,0.0365,19.12,32.22,22.76,3.51,911.7,47.8,-28393.51,21600.36,1.912
-0.3157,0.5711,-10.986,-17.59,0.0283,31.28,28.76,39.85,4.13,847.2,109.1,-23473.19,-16500.1,2.032
-0.2404,0.7747,-0.312,7.074,0.0331,20.82,47.33,39.3,4.28,869.9,53.2,9190.25,18205.43,1.568
-0.1869,-0.7284,16.218,-4.462,0.0319,14.17,69.64,51.69,3.16,856.9,172.6,59634.72,-57425.77,2.945
0.3518,-0.0899,-4.19,15.934,0.033,19.11,37.73,8.85,1.18,905.9,75.9,9875.78,35567.91,2.036
-0.2006,-0.2926,-2.723,11.447,0.0402,16.15,71.08,26.08,3.59,868.2,85.0,19927.49,52872.34,2.392
-0.0924,0.6672,7.729,3.157,0.0347,15.85,23.16,6.28,1.39,863.3,127.8,11604.56,-401.47,1.312
-0.4724,-0.7497,3.737,-8.921,0.0438,15.39,4.16,23.68,3.34,849.0,96.7,-642.26,-2563.22,1.093
-0.2281,-0.52,-7.239,-10.666,0.0309,24.68,13.6,1.4,3.73,877.3,71.9,-7721.45,-2881.83,1.314
-0.4909,0.4544,-3.211,-5.746,0.0333,17.41,29.66,53.95,3.54,847.4,18.4,-10649.31,-5633.72,1.247
-0.7682,-0.8077,-10.163,-0.844,0.0407,20.5,24.14,31.86,4.33,954.8,109.4,-12617.09,7851.01,1.404
0.1862,-0.0134,16.777,-7.342,0.0359,29.52,8.79,51.06,3.58,841.6,156.8,4643.21,-8183.68,1.193
0.3028,-0.1042,-13.297,0.537,0.0359,21.64,32.29,4.06,3.43,947.9,125.0,-23087.75,14715.33,1.748
0.2151,-0.2981,-4.614,-12.047,0.0261,30.48,25.67,14.03,1.92,880.0,71.8,-11496.95,-11182.84,1.59
-0.0657,-0.1898,-17.07,17.198,0.033,22.96,10.58,15.93,4.24,872.9,27.4,-3476.65,13306.89,1.397
-0.2164,0.0539,-10.016,-14.115,0.0304,21.18,22.73,23.51,1.63,852.4,147.9,-21821.77,-11874.68,1.65
0.654,-0.6095,10.097,15.55,0.045,27.51,64.05,48.27,4.17,909.0,169.8,67444.8,25929.31,2.874
0.0343,0.1296,-10.758,14.889,0.0312,15.32,23.14,23.5,2.09,916.0,72.9,-4180.2,27039.85,1.757
-0.0375,0.5498,-15.118,0.913,0.0427,15.61,51.98,12.68,1.46,885.5,132.5,-43687.04,37455.71,2.347
-0.8538,0.4683,-0.92,8.097,0.0385,25.74,44.84,4.37,3.89,827.8,76.9,9581.56,17541.71,1.667
-0.2858,-0.623,-17.641,-2.302,0.0318,22.76,31.9,5.23,1.01,948.6,92.9,-31351.44,11180.23,2.02
-0.2156,-0.6314,-14.948,4.681,0.0359,28.23,18.73,45.72,3.91,957.2,151.4,-11052.92,11975.2,1.428
-0.1821,-0.4173,11.075,-5.739,0.0418,30.49,27.83,26.97,1.92,880.3,19.6,7398.9,-14245.62,1.623
0.1443,-0.2501,9.773,-7.158,0.0427,20.99,43.45,43.71,4.1,905.9,97.8,12319.72,-31554.82,1.951
0.0605,-0.1648,14.945,2.816,0.0282,24.74,26.55,41.1,3.42,883.0,42.6,21422.95,-5176.73,1.598
0.1942,0.3235,12.763,-0.067,0.0318,23.01,17.04,8.55,3.33,865.1,64.5,11445.93,-6809.46,1.354
0.4768,-0.798,6.594,2.863,0.0317,31.67,10.15,9.0,2.28,830.8,117.8,3893.95,-159.84,1.103
0.5634,-0.8376,-16.116,-7.68,0.0258,28.96,63.58,45.44,1.21,883.8,9.8,-51527.39,-3319.77,2.935
0.3926,-0.1946,10.183,-4.79,0.037,30.41,32.82,43.42,3.91,934.6,108.9,9481.67,-15976.64,1.496
0.8199,0.3549,12.438,-14.98,0.0421,18.58,45.76,22.99,1.6,822.4,54.6,6001.01,-58328.13,2.576
-0.8672,-0.5518,10.767,-16.118,0.0326,27.91,36.33,5.11,2.3,901.5,122.2,4264.15,-36949.89,2.168
-0.5476,0.2547,0.305,-8.876,0.0398,18.78,63.08,1.22,3.1,943.3,29.8,-16277.96,-27741.34,1.979
-0.8864,-0.4323,-9.616,-15.327,0.0376,17.76,40.29,17.65,2.69,850.5,133.8,-43338.39,-20805.8,2.212
0.2655,0.695,12.432,-14.264,0.0325,31.0,35.65,1.05,1.7,845.7,118.0,8608.11,-32472.93,2.149
0.7165,0.7122,8.178,11.265,0.0278,14.35,66.72,14.19,1.49,928.1,175.0,53824.32,33002.9,2.432
-0.4617,-0.3649,17.307,-16.601,0.0392,31.38,52.38,25.46,1.43,855.7,164.5,16661.3,-68717.49,3.074
0.7687,-0.486,-12.395,5.722,0.0421,16.69,9.81,7.72,4.02,846.9,54.6,-4754.88,8473.21,1.266
-0.7915,-0.1597,-9.876,-8.188,0.0387,28.75,14.44,6.7,1.11,872.9,9.8,-8853.7,-1679.24,1.323
0.782,-0.467,-10.375,13.376,0.0254,18.97,57.1,53.84,4.42,875.0,119.7,-16813.87,56992.01,2.529
-0.2671,0.3103,10.531,-0.54,0.0293,20.31,60.51,35.34,1.69,942.4,110.5,33234.98,-17364.24,2.067
-0.7174,0.5869,-11.271,-6.999,0.0264,17.9,40.16,56.1,1.39,906.6,9.8,-29533.65,-3993.14,1.847
-0.0254,0.3116,-15.6,0.635,0.0364,24.54,40.81,21.08,3.02,876.8,26.5,-29329.73,19202.6,2.017
-0.4378,0.5838,17.948,-4.25,0.0401,20.27,46.24,40.79,1.28,894.8,107.3,38147.42,-40261.14,2.345
-0.3872,-0.1854,-17.107,2.315,0.0272,25.83,32.74,12.68,3.11,953.6,164.6,-29092.43,16224.28,1.973
-0.3469,-0.6186,12.069,-13.877,0.0418,14.28,49.61,37.29,3.98,835.9,163.6,7296.91,-65316.33,2.576
0.5454,0.4283,-4.847,17.892,0.0361,15.16,9.59,8.21,1.17,849.1,31.5,3271.54,11058.29,1.402
0.0705,-0.2511,12.298,-2.68,0.0388,15.79,69.29,0.62,3.8,954.8,72.3,39568.65,-40950.36,2.38
-0.3396,0.3083,1.966,-5.464,0.0444,21.54,54.51,55.93,2.38,954.0,12.6,-4178.47,-18037.81,1.566
0.1986,-0.4128,14.459,7.568,0.0267,28.67,46.18,33.52,1.56,844.8,87.1,38801.14,3329.81,2.298
0.3891,-0.7538,15.343,-4.9,0.043,29.99,24.14,55.65,1.62,840.3,136.8,13050.11,-17322.26,1.619
-0.4093,0.8866,-17.672,11.998,0.0275,18.41,13.27,20.36,4.22,879.0,143.2,-8097.79,15386.41,1.426
-0.1556,-0.6188,-15.285,-1.646,0.0329,24.34,30.65,20.0,1.39,827.0,92.3,-23747.65,10186.33,1.731
-0.6806,0.8792,-8.987,7.904,0.042,27.83,48.31,24.34,4.03,911.7,21.8,-8144.79,30783.7,1.937
-0.5739,0.8591,6.095,-14.132,0.0431,19.2,46.36,42.51,2.9,830.8,71.7,-8764.24,-45843.91,2.199
0.326,0.5289,13.978,12.46,0.0351,21.36,28.78,34.17,1.14,828.1,168.1,34183.51,7471.24,1.966
-0.5734,0.287,-1.442,8.486,0.0369,23.43,44.93,55.56,2.63,887.9,45.2,7195.46,19101.66,1.7
0.0453,0.1401,3.851,-10.378,0.0392,16.43,58.96,2.01,3.86,954.1,61.0,-10425.85,-41010.93,2.007
0.3763,0.659,-11.214,-12.77,0.0417,14.47,3.84,42.64,3.54,879.8,135.7,-4326.52,-1367.93,1.069
-0.7076,-0.379,10.979,-6.613,0.0274,16.75,33.54,20.15,2.71,869.9,133.4,15468.1,-23157.07,1.782
0.1212,-0.0582,16.824,17.139,0.0412,25.28,55.1,11.22,4.01,959.7,164.6,81252.36,15497.68,3.169
-0.4382,0.2149,-8.33,-8.754,0.0346,15.33,40.23,30.87,1.42,894.5,72.9,-31178.55,-9152.28,1.807
0.8333,-0.1599,-0.186,-1.579,0.034,17.41,47.6,30.55,4.18,872.5,95.1,-3551.48,-3081.34,1.041
-0.0296,-0.1305,-14.9,-16.919,0.0335,20.08,38.17,8.65,3.96,874.0,86.8,-49623.08,-16804.43,2.492
0.5508,-0.3055,2.129,-3.7,0.0352,15.4,71.43,12.51,3.48,847.3,167.4,-58.77,-19849.6,1.413
0.0904,0.1156,0.1,2.568,0.0439,17.45,5.82,24.79,3.86,891.7,139.6,-287.14,592.93,0.943
-0.8219,0.631,-12.8,16.312,0.036,30.4,36.37,24.82,2.9,881.4,150.5,-5803.68,39481.84,2.31
0.2397,-0.5372,-2.086,0.602,0.0441,14.35,8.4,19.39,3.36,857.9,28.3,-994.7,420.98,1.126
0.8125,0.782,-5.972,11.488,0.0286,25.76,13.18,9.34,2.96,842.5,143.6,301.99,8886.06,1.27
0.1829,0.3404,0.786,1.697,0.0395,20.92,28.81,0.76,2.24,863.6,80.8,5064.04,3040.05,1.087
0.5745,0.5819,3.084,-16.532,0.0412,26.11,12.89,58.23,2.99,891.2,9.1,-4738.11,-10397.9,1.407
0.6916,0.1011,-17.694,-6.66,0.0386,24.6,69.46,56.64,1.9,828.2,15.5,-72031.75,13229.84,3.203
-0.4895,0.5031,9.396,2.72,0.0371,18.02,68.28,29.28,2.54,841.5,123.6,42231.74,-12840.98,2.094
-0.5183,-0.8708,7.669,16.221,0.0363,29.25,25.53,59.71,1.98,952.7,70.1,19278.69,12653.19,1.739
0.1998,0.5731,-4.814,12.929,0.0422,22.85,46.78,40.58,1.43,896.0,156.9,12371.68,39954.29,1.997
-0.1601,-0.8278,-16.094,-9.779,0.0414,28.81,39.36,4.6,2.13,828.9,133.5,-40718.8,3180.83,2.247
0.6118,0.7018,9.178,-10.076,0.0274,21.31,59.09,7.5,3.98,917.0,8.8,14795.67,-41045.39,2.338
0.72,0.8855,16.386,-10.758,0.042,31.72,45.92,55.01,2.33,828.7,125.2,17839.39,-46073.59,2.478
-0.2638,-0.3707,-9.355,15.21,0.0333,27.87,2.02,37.99,3.62,923.4,38.7,33.01,2303.11,1.01
-0.4736,-0.5214,-6.353,12.696,0.0301,31.39,55.42,50.67,1.61,925.0,79.0,-227.91,36233.09,2.266
0.5049,0.4777,-11.383,9.896,0.0424,23.26,54.28,53.95,2.49,911.2,114.3,-12285.57,48785.59,2.395
-0.4053,-0.4446,2.77,-3.862,0.0336,22.53,37.68,27.15,1.4,922.5,157.7,-413.2,-9324.49,1.343
0.5807,0.658,-12.426,0.158,0.0412,27.6,65.2,3.39,1.49,832.3,84.8,-35321.15,26007.72,2.334
-0.1373,-0.7149,-5.177,-1.284,0.0303,29.85,65.59,11.7,3.16,921.7,146.5,-17041.36,3495.96,1.561
0.3016,-0.6733,7.092,-8.878,0.0251,31.35,38.67,4.46,3.13,839.1,142.0,6119.8,-21942.89,1.69
-0.728,0.8625,2.164,0.181,0.0349,19.84,44.56,11.73,1.75,867.5,77.5,4284.36,-3479.06,1.208
0.2229,0.3129,-4.087,-16.902,0.027,28.38,71.76,24.93,2.66,952.0,92.7,-39170.28,-52180.8,3.081
-0.0868,0.6244,-2.871,-13.255,0.0401,17.79,22.92,7.53,4.02,890.4,127.6,-14825.49,-14789.07,1.536
0.1559,-0.3162,2.236,13.917,0.0305,23.82,24.72,10.42,1.61,955.4,10.5,9171.29,14955.89,1.599
-0.5976,0.3177,-17.789,9.06,0.0339,17.24,14.79,27.03,1.07,832.4,160.9,-11007.78,16560.6,1.477
0.4264,0.1696,-15.174,-2.777,0.0267,20.25,64.71,20.74,3.28,886.9,139.7,-61209.56,13451.65,2.605
0.653,0.1857,13.725,0.617,0.0307,30.76,54.11,28.33,1.19,828.7,48.6,29609.93,-15190.61,2.189
-0.5099,0.3286,-15.196,-4.68,0.0406,16.63,9.39,26.04,4.43,908.2,176.7,-9543.49,3184.35,1.305
-0.7277,0.1356,7.445,8.668,0.028,25.38,70.72,38.85,3.13,831.0,36.4,36099.42,18916.13,2.311
-0.8575,-0.1277,15.121,10.231,0.0379,24.67,53.17,56.26,2.65,844.6,165.0,59396.19,2548.58,2.597
0.2555,-0.4033,-8.255,9.478,0.0433,16.17,61.54,6.92,2.5,856.2,61.8,-3604.83,51626.96,2.232
0.1928,0.4834,-4.662,8.014,0.0386,19.87,5.37,6.41,3.01,924.8,138.6,789.23,3245.04,1.022
0.0841,-0.4927,2.481,-10.638,0.0412,24.13,37.35,51.24,1.32,843.0,84.9,-10064.29,-21263.14,1.641
-0.4825,0.3462,13.742,-5.833,0.0272,17.37,50.9,30.63,4.26,938.5,133.9,32623.2,-36340.98,2.351
-0.1964,-0.48,15.909,-1.086,0.03,28.41,40.01,46.1,3.19,838.5,32.3,26075.57,-13877.0,2.096
0.1701,0.2256,8.624,-6.091,0.0429,31.5,48.67,13.32,1.64,824.9,52.2,9302.98,-23457.32,1.83
-0.0058,0.4447,-14.882,9.178,0.0393,17.87,59.25,49.82,2.97,875.3,22.5,-26198.81,58001.22,2.781
0.878,-0.5063,6.09,-6.143,0.0378,17.36,28.2,55.47,1.47,957.1,156.4,2702.72,-15166.27,1.399
-0.6544,-0.7921,-3.229,-13.024,0.0383,22.19,61.41,38.31,1.06,835.4,56.9,-32996.29,-34942.7,2.441
0.3513,-0.6642,-1.055,-3.635,0.0333,27.46,13.4,6.8,3.21,834.2,126.5,-2296.1,-1534.53,1.195
-0.1722,0.1908,-16.231,17.277,0.0259,19.07,20.96,53.77,3.27,925.2,148.5,-11092.98,29748.75,1.88
-0.1292,0.629,-11.122,-9.868,0.0407,14.36,5.03,47.65,3.04,863.7,162.7,-5917.92,-1085.28,1.129
0.3917,-0.819,10.458,4.038,0.0386,23.74,27.51,45.18,1.64,920.4,23.6,16478.73,-2962.69,1.549
0.3464,0.4215,-1.657,-2.413,0.0345,31.22,28.59,2.69,3.11,848.0,161.3,-3900.99,-1483.08,1.14
0.8843,-0.2856,-7.14,-15.443,0.043,21.04,58.37,48.04,1.2,884.4,39.5,-52757.5,-30626.78,2.563
-0.6689,-0.0386,-4.175,-0.436,0.0317,21.56,47.72,8.71,3.13,857.1,134.0,-10292.47,5385.02,1.301
-0.7126,0.7719,12.758,7.278,0.0309,31.44,32.57,13.73,2.94,883.2,132.5,23329.34,912.01,1.75
0.4038,-0.3025,8.964,0.476,0.0425,26.5,47.65,34.84,3.29,927.7,6.5,17753.07,-11610.72,1.679
0.1411,-0.0624,-8.197,13.396,0.0409,26.95,5.69,16.27,4.13,926.7,43.6,345.89,4761.7,1.239
-0.4065,-0.8754,-13.77,-7.598,0.0353,24.13,14.62,39.85,3.98,892.2,91.1,-12462.43,-171.23,1.439
-0.757,-0.7531,-8.928,-14.895,0.0276,31.54,45.89,36.68,4.43,950.0,78.5,-30700.01,-21270.55,2.35
-0.7458,-0.4345,15.147,15.716,0.0293,26.4,46.9,6.93,4.42,856.9,165.8,55574.05,21075.46,2.747
0.7095,-0.8499,2.937,-4.385,0.0381,30.11,56.19,39.53,3.7,853.6,68.0,965.8,-16054.21,1.4
-0.5546,0.2365,1.205,2.751,0.0327,26.59,30.21,55.48,4.35,905.9,169.0,4650.65,1440.05,1.188
-0.3179,-0.1325,3.47,10.512,0.0417,27.23,52.58,10.09,4.04,907.0,85.4,24733.11,20305.22,2.017
-0.492,0.0867,-4.823,-6.325,0.044,19.23,49.88,36.03,3.55,826.5,173.8,-27241.36,-8805.59,1.549
-0.261,-0.5856,11.056,7.782,0.0411,19.46,69.44,20.84,1.26,905.1,134.0,61892.91,1605.83,2.603
-0.775,-0.3673,0.838,-13.125,0.0326,28.09,17.06,27.85,1.17,872.4,150.1,-3878.06,-11292.9,1.303
0.0343,0.2949,-13.797,-7.513,0.0408,19.34,40.62,17.58,3.93,924.6,23.4,-38305.11,3060.35,1.965
-0.7783,0.8375,-13.354,-12.79,0.032,24.13,44.12,21.57,2.71,933.1,107.6,-44577.14,-11533.3,2.426
0.5406,-0.8092,1.327,11.204,0.0283,18.49,71.91,2.22,3.85,897.3,30.0,24766.17,40028.28,2.302
-0.4793,0.7027,15.717,-9.985,0.0257,28.71,16.08,58.9,2.1,820.2,57.1,7672.4,-11419.96,1.463
0.072,0.1384,-6.899,7.827,0.0327,15.99,38.63,37.68,2.39,909.1,114.1,-4223.85,25973.51,1.721
0.6841,0.1151,13.303,15.959,0.0431,28.93,26.23,30.29,3.45,924.8,132.1,30644.76,8056.36,1.893
0.2716,0.0005,9.507,1.0,0.0298,24.85,38.81,23.33,4.2,854.9,11.9,18124.79,-6373.11,1.609
0.0593,-0.7751,-9.079,1.441,0.0291,17.36,18.25,32.59,1.31,885.1,97.9,-9655.17,6808.02,1.269
-0.3162,-0.7382,-16.692,-1.403,0.0444,23.76,5.33,23.12,4.02,955.2,103.9,-4477.68,3251.06,1.166
-0.3006,0.1816,-14.333,-6.268,0.0255,19.08,42.08,21.91,3.78,861.7,18.8,-37390.81,882.02,2.086
0.3051,-0.2863,8.226,-0.876,0.0407,19.82,25.51,28.1,2.1,851.2,92.6,9067.51,-8447.05,1.357
0.8895,0.7511,-10.812,3.701,0.0314,20.33,14.74,16.92,2.24,849.5,129.9,-7766.37,6962.11,1.255
0.2913,-0.1681,-4.634,17.496,0.0257,15.14,24.68,11.21,1.16,898.2,14.3,2495.52,26410.79,1.762
0.104,-0.6421,0.061,15.76,0.0434,31.75,5.45,33.62,1.06,953.0,138.0,2278.05,3395.99,1.159
0.4152,0.3865,8.117,13.038,0.0278,14.57,68.53,50.64,2.67,905.2,105.9,57474.91,39937.48,2.849
-0.0626,-0.372,-13.924,14.009,0.036,25.92,42.68,9.59,1.33,862.5,150.8,-13129.08,47807.31,2.386
-0.7917,0.0458,-3.371,-1.157,0.0305,20.68,59.03,2.45,1.68,909.4,43.2,-10741.22,-1761.41,1.341
0.1121,0.3561,-0.537,5.668,0.0263,25.63,31.62,15.19,3.96,907.5,150.8,4486.57,11280.58,1.312
0.8237,0.7205,1.47,14.222,0.026,20.41,65.23,58.79,3.0,903.6,21.5,24275.04,44456.51,2.603
-0.5845,0.5259,11.461,-3.854,0.0273,26.13,35.83,49.81,3.22,842.3,75.7,14622.07,-15672.34,1.668
0.342,0.3174,-11.82,16.623,0.0264,27.13,42.18,35.95,1.66,908.8,39.9,-9671.14,43306.4,2.439
-0.5383,0.3233,11.082,-3.032,0.0402,26.43,36.43,55.79,3.9,880.2,158.3,17549.38,-19959.81,1.572
0.0645,0.8027,6.944,3.639,0.0347,16.05,53.33,26.99,4.04,822.6,128.4,27495.45,40.03,1.683
-0.726,-0.3675,2.011,7.553,0.0319,25.82,41.67,59.01,2.83,895.6,9.4,12332.66,11122.48,1.596
-0.0893,-0.898,7.183,16.221,0.0334,19.04,21.01,18.13,4.19,958.5,6.7,17362.86,12399.45,1.585
0.4611,-0.4105,-3.167,-9.194,0.0436,14.52,12.19,14.8,3.96,869.0,56.0,-7607.42,-3730.08,1.206
-0.2744,-0.5078,-13.018,8.861,0.0432,21.47,44.43,38.46,3.56,955.2,30.1,-14586.23,40236.96,2.14
0.2968,0.2913,5.968,0.749,0.0393,21.8,36.24,23.0,3.57,833.5,115.3,12022.09,-5122.4,1.32
0.5318,0.2407,0.888,-8.332,0.0427,22.41,8.72,37.77,1.37,922.5,121.2,-1782.76,-3796.27,1.17
0.7689,0.1682,5.017,9.958,0.0314,26.69,29.69,18.65,1.95,836.0,169.8,16744.75,11646.36,1.5
-0.4776,-0.8708,-5.832,1.88,0.0326,19.56,38.03,37.27,1.23,858.3,171.6,-9228.99,9582.12,1.403
-0.1812,0.4118,14.647,5.795,0.0373,19.68,59.88,16.91,1.03,899.9,120.3,60612.03,-9962.92,2.588
-0.6257,-0.3176,3.145,-6.376,0.0375,15.09,7.33,3.53,1.55,903.0,6.0,-67.47,-3561.23,1.044
0.8865,0.2971,-14.926,-0.674,0.0346,26.36,26.39,54.77,4.08,928.5,67.8,-19041.91,8416.85,1.665
0.7686,0.1018,-1.807,4.225,0.033,24.22,59.59,53.05,1.84,906.1,94.8,-20.75,15150.39,1.41
0.0719,-0.2831,9.229,-3.423,0.0447,20.29,47.39,58.26,4.4,903.1,92.4,16308.59,-24099.5,1.804
0.6157,-0.6578,10.589,-10.859,0.0414,26.69,22.3,43.13,3.09,947.7,110.6,3726.51,-19547.03,1.498
0.0377,-0.73,-0.195,16.619,0.0337,23.67,61.17,41.12,1.83,883.3,173.1,27933.37,55489.54,2.678
0.2225,0.5967,14.211,0.413,0.0395,22.45,36.53,33.76,2.74,851.5,159.9,29843.46,-18362.08,1.853
-0.7396,0.7531,-8.364,8.421,0.0304,23.2,36.88,7.99,1.77,842.7,24.1,-6482.0,22010.2,1.785
0.4595,0.2696,-3.218,-3.202,0.027,25.45,70.36,11.76,4.44,876.0,51.5,-16386.1,-4408.59,1.539
-0.6701,-0.7138,14.349,-5.215,0.032,25.88,68.3,17.72,3.97,919.8,150.8,42622.72,-43255.38,2.786
0.5869,-0.1764,14.265,-3.342,0.0331,19.2,27.1,53.46,1.09,826.0,149.3,19156.92,-16582.21,1.689
0.5077,0.4121,6.686,-3.269,0.0253,16.53,11.84,10.79,4.32,838.1,53.2,2999.52,-4199.99,1.174
0.3757,0.5037,12.923,1.59,0.0413,16.82,24.8,55.41,3.52,834.9,132.9,20831.66,-10755.39,1.522
-0.8349,-0.6872,-14.804,1.565,0.0322,25.51,4.13,31.61,1.29,901.9,122.6,-2928.48,2164.04,1.154
-0.3544,-0.8999,13.14,-0.102,0.0366,29.71,3.45,43.08,3.35,854.0,87.9,2528.53,-987.57,1.058
-0.4264,0.3818,-6.458,-13.148,0.0265,21.37,29.69,7.06,3.26,843.3,40.3,-18817.55,-15865.05,1.638
-0.2518,-0.2581,-11.58,-0.141,0.0285,17.05,67.87,16.51,1.77,903.0,160.5,-49301.6,20520.37,2.299
-0.7422,-0.4419,-9.383,-11.912,0.0428,27.62,63.0,57.53,3.65,926.6,123.6,-53497.95,-14619.69,2.615
0.7865,-0.8768,-2.953,-13.459,0.0372,28.98,37.8,16.34,1.3,866.5,34.6,-17111.96,-19095.6,1.788
0.0968,0.0725,-8.957,15.575,0.044,29.85,41.57,18.14,2.71,900.9,128.3,3354.42,42737.07,2.2
-0.3501,0.6321,-6.46,3.778,0.045,24.92,2.42,12.26,1.03,833.7,134.8,-725.74,991.04,0.969
-0.1854,0.8237,-13.141,5.742,0.0324,29.49,17.09,8.18,4.39,950.9,160.2,-8225.27,9759.76,1.448
-0.095,0.1183,-7.338,-3.535,0.031,14.28,3.73,14.38,3.63,867.2,44.0,-2318.94,516.02,1.134
0.1811,0.026,2.602,14.723,0.0422,15.93,54.82,38.72,1.56,959.7,178.0,42879.85,43228.74,2.356
0.0282,-0.7469,-2.093,4.965,0.045,15.67,12.2,27.59,2.2,957.0,31.8,944.07,3733.01,1.136
0.7549,0.088,-5.518,9.69,0.0376,26.83,62.83,33.45,1.56,929.0,110.1,2015.87,37415.53,2.193
-0.0055,-0.216,8.872,-4.732,0.0409,15.25,47.03,7.78,3.68,822.8,120.0,13914.2,-30591.67,1.866
0.8859,0.1928,14.166,16.56,0.0406,22.93,18.06,48.23,1.21,896.1,78.3,23651.03,6378.17,1.623
0.6326,-0.2003,9.244,11.537,0.0321,22.51,13.04,47.15,3.94,832.2,88.1,10119.11,5586.1,1.31
-0.5247,-0.4675,-6.048,12.742,0.0365,19.59,45.93,1.78,4.3,945.3,160.9,4718.81,42224.49,2.063
0.7751,-0.7291,8.8,-11.801,0.0417,29.67,65.06,23.32,3.37,930.5,117.9,3403.31,-50942.06,2.6
-0.6905,-0.3331,-12.529,-8.245,0.0388,17.07,52.29,4.59,1.75,956.1,92.0,-53316.16,-1157.93,2.432
0.5714,-0.726,-13.309,-7.717,0.0254,20.34,26.4,47.63,2.26,905.2,27.5,-21597.32,-4086.13,1.678
-0.2149,-0.5816,-5.557,-8.247,0.0317,27.94,43.12,44.37,2.67,893.1,6.3,-19185.03,-10130.12,1.672
0.6804,0.8772,11.077,12.795,0.0279,14.55,23.75,54.17,3.12,892.7,26.9,21581.62,9687.71,1.612
0.6625,-0.1006,-9.131,-16.852,0.0297,26.11,71.94,14.57,3.34,874.1,172.3,-62282.18,-48674.93,3.361
0.5507,0.0574,-15.723,-15.26,0.0431,28.7,54.42,27.65,2.94,885.6,138.7,-67341.16,-12052.01,2.944
0.5221,0.6725,-13.258,-8.139,0.0257,30.78,45.01,11.48,2.23,909.0,174.2,-34083.81,-7839.57,2.2
-0.3516,0.892,12.915,-10.805,0.0294,29.77,31.63,22.59,4.12,950.6,11.2,10009.74,-20891.94,1.854
-0.7543,0.1489,4.816,-9.653,0.0312,19.75,45.27,31.57,1.28,903.4,124.0,-134.35,-29932.85,1.751
-0.1746,0.5625,-8.885,10.726,0.0373,24.55,25.91,3.67,2.63,940.0,12.8,-2394.51,18532.4,1.632
-0.5877,-0.3115,1.991,2.273,0.0357,15.39,4.02,43.03,3.71,940.8,141.9,755.95,291.87,0.989
0.3509,-0.3497,0.993,-17.792,0.0294,18.64,29.66,32.83,1.21,892.6,71.7,-12547.02,-30433.43,1.902
-0.277,-0.1751,5.596,-2.544,0.0283,15.7,67.13,49.82,3.47,868.6,21.8,14338.92,-21607.58,1.713
0.8561,0.3105,-9.605,-3.316,0.0297,19.67,45.84,16.67,3.87,909.5,104.4,-27614.15,6346.9,1.804
0.2537,0.3279,13.119,-13.898,0.0351,29.75,7.88,54.25,3.31,882.4,54.0,1360.47,-7182.09,1.237
0.5805,-0.3326,-6.863,6.341,0.0304,20.25,63.95,59.92,1.05,831.4,120.4,-14066.53,33038.77,2.03
-0.6615,-0.6602,6.989,7.275,0.044,24.11,20.82,55.2,1.63,872.9,120.2,12997.05,875.01,1.304
0.6516,0.2383,-17.42,7.952,0.0343,21.8,19.06,46.78,2.2,959.2,128.4,-13570.72,17155.15,1.486
0.761,-0.669,-4.584,8.225,0.0262,22.26,22.8,48.84,1.82,826.8,178.7,-681.91,14008.59,1.393
-0.0233,0.1413,-5.338,-17.998,0.0396,31.45,42.4,34.64,4.37,917.5,72.7,-30643.95,-24667.58,2.335
0.1913,0.3482,1.565,16.341,0.0316,19.33,40.13,11.81,3.28,937.8,86.4,21011.57,34823.19,2.067
0.4767,0.3611,-15.381,11.312,0.0381,25.29,36.4,40.78,2.04,910.8,145.8,-15433.46,37906.6,2.085
-0.5853,0.4562,10.445,14.543,0.0306,21.56,52.23,42.91,4.25,899.8,106.2,48341.04,28143.2,2.457
0.0046,0.6711,-10.16,-17.437,0.0364,15.1,24.16,59.13,3.59,919.1,11.5,-27514.99,-14926.18,1.815
-0.1824,-0.0001,6.373,15.619,0.0404,22.81,56.74,32.71,2.0,880.1,152.5,50026.78,35594.87,2.678
-0.6365,0.4144,10.916,11.152,0.0436,28.64,14.27,16.65,2.33,832.8,14.0,11098.43,2253.48,1.364
-0.2384,0.2145,2.228,12.14,0.0302,15.78,56.78,41.18,1.7,954.7,34.9,27513.53,32845.45,2.15
-0.7773,-0.564,8.672,-14.642,0.0317,15.25,48.47,58.77,4.4,880.5,22.9,1913.02,-52517.54,2.373
-0.8535,-0.8538,5.827,8.596,0.0343,16.77,49.82,11.04,2.81,913.2,18.6,29296.32,13361.96,1.971
-0.6567,-0.3878,-5.201,16.557,0.0435,27.76,35.71,19.9,4.14,894.4,9.5,10598.89,31235.26,2.07
0.8336,-0.1025,11.119,6.428,0.043,27.03,48.69,32.74,2.21,827.7,14.6,34342.83,-4499.05,1.996
0.0892,0.2108,-7.391,2.54,0.0268,24.17,7.59,10.63,4.01,953.4,82.4,-1007.6,2063.4,1.1
0.8385,0.6299,2.564,16.043,0.0276,22.43,61.61,1.82,1.19,931.0,49.2,31528.72,46053.45,2.685
-0.1215,-0.5468,8.834,-2.054,0.0349,29.99,5.89,20.55,4.44,840.9,27.1,2159.35,-1420.89,1.036
-0.3387,-0.674,-4.358,3.575,0.0271,27.8,12.41,51.99,4.19,957.4,120.3,-2243.99,3528.78,1.155
0.0111,0.8343,-7.1,-0.852,0.0319,28.61,42.38,3.09,2.27,923.2,44.6,-14634.38,4266.04,1.464
-0.1089,-0.7055,-1.464,15.582,0.028,28.64,53.76,26.02,3.71,886.1,8.3,12931.38,38687.44,2.327
-0.7098,-0.0387,11.447,-15.261,0.0377,25.57,7.34,45.85,3.63,905.6,78.2,75.69,-8322.49,1.237
0.2535,0.154,15.477,0.04,0.044,22.24,66.45,57.21,4.15,834.9,59.3,51773.68,-35255.82,2.71
-0.5111,0.0745,1.623,6.73,0.0449,29.56,70.15,59.14,2.08,898.5,60.8,16894.57,15028.49,1.809
0.2153,-0.7451,5.813,10.509,0.0325,30.67,44.42,25.61,2.63,830.3,82.9,22991.35,14455.74,1.851
0.2704,-0.7974,14.518,2.989,0.037,14.43,35.69,57.05,4.03,896.3,122.1,34716.53,-12076.21,1.85
-0.6264,-0.7101,-14.452,14.721,0.0421,14.93,53.9,2.61,3.73,897.4,112.9,-13910.22,78799.07,2.91
-0.7896,0.1541,-9.645,15.912,0.0273,31.26,24.99,44.88,2.38,942.4,169.0,-3847.83,24541.05,1.797
0.5054,0.0798,7.52,-15.685,0.0388,18.99,36.53,38.74,3.96,921.5,95.6,-6383.98,-40518.94,2.011
-0.0724,-0.4793,11.655,-3.515,0.0332,29.72,66.13,15.35,1.16,854.9,87.7,30117.84,-27785.53,2.244
-0.7953,0.248,12.853,-17.155,0.0291,21.0,68.9,30.69,3.74,944.4,42.3,19189.64,-81465.79,3.416
0.8908,0.5761,-3.056,-6.141,0.0331,16.14,66.89,8.21,1.72,900.3,137.2,-25157.64,-18510.87,1.773
-0.796,-0.8252,-14.784,1.327,0.0265,15.45,20.37,52.36,2.0,904.9,29.6,-15752.44,8812.2,1.472
0.3511,-0.0034,-2.24,14.789,0.0389,16.82,18.27,21.79,2.73,843.7,90.9,7081.01,16320.47,1.42
0.8706,0.3408,-9.694,12.476,0.0301,18.5,22.84,37.75,2.57,940.1,78.7,-4447.23,20788.18,1.572
-0.4695,-0.4458,-7.517,-13.41,0.0312,22.79,32.89,9.95,2.82,950.3,120.2,-24125.21,-17034.93,1.839
-0.644,-0.346,9.802,-14.651,0.0274,26.63,23.99,12.77,2.91,928.5,165.6,4680.81,-23471.11,1.744
-0.6815,0.2045,-15.281,3.214,0.0423,31.76,28.19,59.52,2.16,951.7,170.7,-15892.85,18086.78,1.734
-0.3541,0.7163,11.793,1.156,0.0349,21.95,45.44,45.31,1.61,862.3,34.4,28153.41,-11268.55,1.901
-0.7181,0.5579,-2.604,-8.41,0.0364,23.33,55.38,57.74,3.69,940.6,50.8,-20189.71,-16446.67,1.801
0.3459,0.1496,3.458,14.38,0.0364,23.39,53.49,18.1,2.4,888.4,147.0,33056.21,35397.37,2.294
-0.7879,0.4144,-14.773,15.385,0.0332,23.71,59.01,10.29,2.77,842.9,95.7,-20532.65,70710.45,3.142
0.017,-0.2433,-5.855,-3.506,0.0289,23.32,4.25,30.43,3.26,913.6,84.3,-1312.61,-111.82,1.085
0.8941,0.2537,-14.771,14.051,0.0399,14.16,5.34,29.93,4.18,915.8,129.4,-2380.89,7943.46,1.284
0.5651,-0.0609,16.616,-4.178,0.0275,14.03,57.26,10.91,3.48,860.2,110.3,53091.57,-39581.64,2.665
0.2074,-0.5581,11.061,8.525,0.0271,15.76,39.32,44.13,1.16,823.8,174.9,35832.9,9088.33,1.89
-0.3487,0.3631,-1.453,-0.866,0.0392,15.83,42.47,22.03,3.93,848.0,107.2,-5366.47,2476.12,1.075
0.223,0.1016,-9.95,-13.587,0.0292,26.69,5.68,11.59,4.46,876.0,86.5,-4831.55,-2639.49,1.207
0.0487,-0.2545,15.604,15.406,0.0311,17.69,19.87,20.25,2.65,843.5,100.0,26880.29,9709.83,1.685
-0.133,0.7404,-5.595,-1.653,0.0345,30.1,46.68,34.04,4.39,847.2,146.5,-13663.82,2019.71,1.494
-0.6647,-0.8623,-12.205,8.442,0.034,30.71,62.14,43.73,2.92,874.8,112.2,-19246.67,43182.2,2.499
0.6959,-0.3316,2.274,-4.782,0.0392,31.57,66.19,29.17,2.61,954.7,118.2,-4190.44,-15571.63,1.602
-0.0904,-0.7976,15.976,-17.32,0.0375,30.9,37.03,31.77,2.16,927.0,175.0,9321.44,-49481.71,2.401
-0.5497,0.4797,-17.862,-14.381,0.0379,18.89,40.18,8.77,3.3,864.8,113.2,-60128.65,-7770.36,2.575
-0.238,0.3638,-9.428,-0.136,0.0393,23.18,60.31,54.92,1.8,953.2,71.5,-28647.85,18458.4,1.886
-0.1546,-0.3036,15.784,6.839,0.0309,17.16,39.63,55.76,1.37,910.4,126.0,44565.85,-1951.59,2.15
0.5896,0.3162,-11.841,-5.95,0.0314,28.51,38.18,41.16,1.1,883.8,120.4,-26535.7,464.81,1.833
0.4205,-0.1873,-13.923,7.038,0.0338,29.99,65.36,1.55,2.02,885.6,7.4,-26327.59,39103.99,2.704
0.4847,0.4613,2.527,7.151,0.0311,29.32,57.3,32.46,2.39,877.5,86.8,17285.8,13331.61,1.704
-0.8801,-0.0825,13.026,7.342,0.0447,21.8,65.64,37.94,2.93,852.6,135.0,62781.7,-4906.05,2.615
-0.1509,-0.1579,-0.824,-0.269,0.0413,27.66,17.28,59.68,2.02,874.1,92.3,-516.55,-60.17,1.033
-0.0336,0.7825,17.804,14.936,0.0283,15.76,38.71,59.77,4.44,893.9,141.4,57549.05,16957.69,2.449
-0.8655,-0.4484,6.45,-0.389,0.0251,14.72,60.97,51.53,2.02,893.9,83.9,22187.91,-11408.76,1.606
-0.4323,-0.6832,-15.333,-1.79,0.0259,27.56,9.78,4.3,2.54,926.6,177.1,-7906.7,1209.43,1.234
0.4685,0.1522,17.742,-10.822,0.0299,21.66,57.63,57.22,1.36,870.2,56.3,36301.68,-58178.39,2.976
-0.6532,0.8448,-3.316,-6.924,0.0273,31.92,14.81,36.95,1.91,920.4,21.1,-4199.92,-3935.85,1.139
0.0636,-0.2199,-7.654,-16.476,0.0357,15.75,58.57,48.15,1.17,900.9,80.3,-57002.86,-39440.18,2.82
-0.5126,-0.7883,2.084,4.807,0.0422,29.4,44.84,24.73,2.96,954.7,99.8,10645.84,5595.62,1.375
-0.8782,-0.2893,-7.045,-9.053,0.0397,22.64,15.53,19.52,3.63,873.9,66.1,-10034.05,-3687.52,1.286
-0.4658,0.0107,-14.888,-7.05,0.0293,28.89,35.13,28.06,1.68,946.2,47.4,-27577.71,-1082.07,1.898
0.8566,-0.6085,-17.949,9.749,0.033,28.71,49.73,9.24,2.29,934.9,122.6,-29644.54,45689.98,2.797
0.5428,0.2846,-1.815,-6.22,0.0352,30.49,46.37,21.75,1.06,909.3,71.0,-11067.54,-10522.14,1.622
0.8272,0.8959,12.127,-9.281,0.0412,19.36,31.91,51.53,3.94,911.6,115.5,9595.56,-29729.9,1.773
-0.0219,-0.0869,2.603,-11.914,0.0418,31.1,64.96,2.76,3.73,831.9,141.3,-17882.94,-39593.21,2.382
-0.7025,-0.2615,17.971,9.895,0.0432,16.73,38.35,9.48,1.22,953.0,138.2,56092.78,-6643.44,2.307
0.0863,-0.1787,-7.674,-13.331,0.0352,15.48,37.41,7.94,2.28,835.0,70.7,-33853.7,-18364.9,2.039
-0.0821,-0.6927,-7.904,-1.665,0.0389,21.77,6.36,24.48,4.34,898.9,104.4,-2858.48,1132.61,1.102
0.6198,0.6899,-12.249,0.249,0.0272,28.91,66.55,59.82,2.37,866.2,83.7,-35163.05,16989.75,2.364
-0.7235,-0.1533,-12.094,6.746,0.0363,22.52,14.4,10.81,2.84,880.2,157.4,-6534.09,10002.06,1.207
-0.0212,-0.2029,-7.733,4.798,0.03,28.93,38.98,9.16,2.24,905.4,158.8,-10505.91,15978.31,1.547
-0.6299,0.2874,10.542,11.186,0.0336,27.13,58.25,54.95,3.09,947.2,65.2,46883.14,15070.41,2.493
-0.3156,-0.1043,14.607,-16.389,0.0377,17.77,17.08,52.98,4.42,884.1,21.1,5161.9,-21967.07,1.635
0.4272,0.2668,17.103,-7.328,0.0301,31.08,38.92,2.42,4.49,958.3,34.3,21221.25,-25790.21,2.146
-0.0432,-0.7894,-9.638,-7.915,0.026,15.09,18.85,45.23,3.71,903.0,69.2,-13991.3,-2745.06,1.355
-0.2234,0.5647,13.727,-12.743,0.0252,30.17,55.18,39.5,2.42,842.5,103.7,22330.48,-45585.91,2.75
-0.1899,0.7929,-6.183,-7.59,0.0254,19.48,41.5,46.18,2.73,846.6,119.9,-21195.8,-13023.63,1.608
-0.073,0.2678,-13.938,-6.848,0.0252,23.0,61.92,29.92,2.25,920.3,63.0,-50081.79,-5005.04,2.609
0.513,0.8182,13.321,0.788,0.0272,21.6,64.62,59.49,4.45,827.1,121.8,47927.86,-15858.86,2.499
0.7058,-0.6274,4.9,5.893,0.0298,17.09,47.41,3.11,3.48,887.2,169.1,21898.64,10888.31,1.625
0.8196,-0.0407,-12.07,-4.28,0.0294,20.45,52.78,14.45,2.57,840.8,119.1,-40030.95,4196.23,2.143
0.5164,0.1833,-2.526,7.901,0.0447,17.47,40.45,24.09,1.04,880.7,32.7,8280.47,20336.85,1.458
-0.3323,0.1471,-7.659,-5.898,0.0311,17.67,28.91,27.26,2.82,925.0,106.4,-16448.72,-4139.96,1.425
0.3386,-0.1774,8.525,-7.55,0.0275,17.37,47.37,55.32,4.44,884.2,99.8,14399.95,-29059.35,2.002
-0.1123,-0.2914,-1.677,1.483,0.0359,22.8,65.58,33.82,2.83,842.9,157.4,-4216.83,7023.94,1.215
-0.4416,-0.6717,17.614,-17.146,0.0422,28.36,31.17,3.18,1.64,855.3,66.3,7864.81,-40041.14,2.34
0.6136,-0.1949,-16.029,-15.128,0.0386,24.24,24.01,24.77,1.08,871.5,79.0,-29593.0,-5154.8,1.851
-0.8308,-0.6072,-5.219,-2.953,0.0309,30.08,29.19,25.28,2.24,829.7,109.8,-8343.1,-242.59,1.278
0.7232,0.4219,-0.652,15.945,0.0362,25.46,32.48,57.95,4.21,901.8,96.8,14522.54,26802.13,1.89
-0.0693,-0.5241,0.113,7.974,0.0393,26.41,7.15,36.15,4.49,905.1,130.8,2594.04,3430.99,1.1
0.247,-0.7946,-6.626,-14.827,0.0396,26.02,36.89,38.32,4.31,828.7,12.1,-27483.78,-17036.99,2.018
0.2868,0.0943,8.253,12.467,0.0383,22.09,36.6,42.94,3.55,876.3,103.6,31592.01,13813.5,1.871
0.7112,0.1714,13.491,8.363,0.0424,26.41,43.19,46.32,2.95,878.0,26.3,36625.66,-1951.57,2.086
0.246,0.6694,15.794,3.994,0.0424,15.25,27.4,38.29,3.07,866.7,60.2,29301.65,-11258.89,1.7
0.2051,0.1386,10.983,11.531,0.0366,29.48,44.92,14.61,2.89,898.1,120.8,37020.05,9709.58,2.166
-0.78,-0.2781,12.621,-3.452,0.0336,28.0,63.48,52.51,3.47,868.4,32.5,32198.91,-27991.35,2.373
0.0331,0.5454,1.82,-10.026,0.0378,18.41,68.88,44.06,2.47,878.3,59.0,-15959.85,-40566.15,2.222
-0.6297,0.0725,11.732,0.433,0.0414,27.82,42.85,44.64,3.34,931.7,128.0,23687.26,-15015.08,1.843
0.4274,-0.7573,-7.074,1.758,0.0251,14.23,4.98,59.8,1.43,842.7,118.9,-1724.8,882.16,1.085
0.022,0.1185,-3.655,1.38,0.0448,17.91,69.85,48.25,1.93,906.7,20.9,-8098.55,14182.21,1.462
0.3244,0.7344,-6.591,2.343,0.0287,15.17,51.41,49.83,3.93,890.8,106.0,-14832.63,17232.83,1.544
-0.825,-0.1866,-1.174,16.153,0.0344,28.04,25.52,57.11,4.16,862.7,30.8,9007.11,17886.12,1.69
-0.7474,-0.3666,-7.719,14.481,0.0424,27.61,12.3,9.49,2.89,921.9,49.1,2561.91,10827.35,1.343
0.3894,-0.6418,16.618,13.526,0.0295,28.65,12.04,30.11,1.11,897.2,85.4,12748.86,2243.12,1.468
-0.7702,-0.6274,-6.738,10.851,0.0345,14.08,13.74,35.04,4.24,886.8,24.1,-549.06,10498.32,1.239
-0.7717,-0.121,-14.47,15.963,0.0277,23.02,5.19,20.09,3.46,913.5,178.9,-2393.16,6783.87,1.084
-0.8782,0.1722,0.965,-14.454,0.0329,26.69,65.15,50.44,2.45,932.3,33.9,-19563.38,-44282.86,2.582
0.8217,-0.7549,-15.944,-8.456,0.0285,16.8,39.85,45.86,3.09,956.2,141.7,-47143.93,-1201.54,2.216
0.4275,0.7912,-14.02,-0.178,0.0323,25.7,51.0,43.39,2.5,908.1,150.2,-36644.99,19104.36,2.183
-0.2641,0.4592,-10.102,12.475,0.0325,15.51,59.97,59.83,2.63,942.4,179.0,-13393.62,67020.61,2.606
-0.3662,0.1559,-1.283,0.186,0.0449,17.26,57.41,15.93,4.1,820.2,80.0,-3856.57,2278.08,1.168
-0.2705,0.5912,-2.403,8.929,0.0449,22.56,63.78,44.26,1.56,894.2,158.0,13458.78,35344.59,1.96
0.4944,-0.7557,10.789,-12.997,0.0273,25.76,69.71,33.31,1.36,850.1,172.6,18599.47,-66349.24,2.949
0.2905,-0.0417,8.621,-8.913,0.0395,16.63,32.73,19.12,1.01,833.2,35.3,5940.19,-26296.68,1.68
-0.5666,0.2342,-2.653,8.344,0.026,17.33,68.52,10.05,2.1,894.5,88.9,5118.21,36802.71,1.939
-0.5866,0.5916,-5.987,-12.07,0.0256,17.68,52.63,53.81,1.52,924.6,15.5,-30569.81,-25907.08,2.174
-0.7229,0.5102,-6.607,-5.351,0.0271,18.3,6.95,35.93,1.77,877.7,113.6,-3836.24,-770.04,1.095
0.2885,-0.4013,9.864,-8.465,0.0443,18.08,49.72,49.58,1.04,913.8,106.7,9949.16,-43812.14,2.159
0.4759,0.7936,-16.125,-5.405,0.0438,21.11,50.07,32.95,1.8,888.6,40.7,-47704.36,15677.83,2.404
-0.4229,-0.6762,-17.538,7.5,0.0289,25.77,65.41,13.59,2.16,881.2,144.6,-46564.84,50352.05,3.089
-0.8623,0.6752,10.64,-4.758,0.0282,21.88,28.11,20.58,1.11,860.6,11.5,11943.73,-12007.69,1.592
-0.7521,0.8477,-0.823,1.989,0.0298,27.97,42.94,23.2,3.13,873.6,146.1,1384.12,3369.57,1.112
0.8421,-0.5811,-13.288,-14.402,0.0353,26.95,2.85,58.39,2.99,869.0,9.7,-2295.15,-1144.56,1.162
-0.3682,0.3997,-9.52,10.981,0.0364,16.28,25.25,0.84,1.34,910.5,119.9,-5343.07,24538.29,1.7
0.4846,-0.8275,15.57,-4.684,0.0294,14.88,6.36,59.15,3.08,836.2,18.8,4597.98,-4183.04,1.171
0.2244,-0.1702,12.942,5.347,0.0401,29.8,38.53,58.84,4.5,833.0,49.0,26288.97,-5187.12,1.872
-0.2125,0.0293,7.552,8.114,0.0312,15.44,59.22,59.77,4.31,912.4,131.3,41744.82,13764.29,2.175
-0.5298,0.1452,-0.64,-10.452,0.0434,16.67,16.45,28.86,1.01,896.5,54.1,-7121.78,-8083.5,1.327
-0.6815,0.7847,0.732,13.848,0.0381,14.4,38.92,57.85,3.78,880.2,94.5,22014.76,28977.09,1.904
0.207,0.3101,17.109,4.184,0.0337,25.31,16.28,24.04,2.24,841.3,165.2,16305.96,-5248.11,1.549
0.4943,-0.0337,16.768,-2.566,0.0408,24.48,10.45,2.06,1.22,877.5,13.7,7870.71,-6596.91,1.361
0.259,0.5574,-10.25,-11.436,0.0414,31.76,37.77,13.85,2.04,930.6,146.9,-30615.62,-8842.41,1.95
0.0545,0.811,11.2,15.923,0.0308,29.96,7.54,56.75,2.13,944.5,16.4,6263.29,3781.76,1.257
-0.8245,-0.8603,-10.899,9.182,0.0318,21.4,43.11,1.32,2.83,918.4,27.2,-12098.78,30469.55,2.053
0.8433,0.8685,-10.313,-10.511,0.0437,20.69,4.19,32.99,3.31,828.4,25.9,-3352.0,-165.08,1.104
0.5377,-0.745,6.339,-5.842,0.0283,19.34,9.47,5.0,3.62,913.9,179.0,2134.64,-4303.57,1.067
-0.3729,0.5659,-3.42,11.148,0.0258,16.74,40.5,17.54,1.86,853.7,36.5,3468.55,28917.13,1.74
0.8639,-0.3954,15.536,7.044,0.0341,16.49,43.4,5.74,2.13,864.1,161.9,52777.56,-1985.9,2.166
0.1834,-0.6621,-14.796,9.568,0.041,16.38,4.03,51.64,2.08,847.4,178.4,-1910.16,4788.51,1.143
0.1484,-0.1083,0.415,-2.117,0.0404,16.05,42.14,35.67,2.27,928.6,72.2,-3122.77,-6140.87,1.092
0.4465,0.2591,15.067,7.793,0.0434,18.33,60.7,54.18,4.5,910.8,115.4,70504.59,-9889.11,2.726
0.5612,-0.2143,14.548,-4.086,0.0357,19.52,52.56,41.46,3.72,905.7,141.3,36160.75,-37672.64,2.415
0.2817,-0.8018,-12.365,-10.395,0.027,31.31,11.18,58.28,4.41,913.5,73.7,-9304.45,-2811.19,1.372
-0.6694,0.179,-4.801,4.776,0.0368,24.41,43.47,30.84,3.43,853.1,33.3,-3090.77,15281.66,1.399
-0.2911,0.7243,4.288,17.137,0.0406,31.78,49.06,38.5,2.42,882.3,80.9,32370.6,29316.54,2.38
0.7706,-0.2102,-12.262,-6.818,0.0269,20.7,4.61,34.79,2.36,908.7,140.1,-3546.25,-642.74,1.069
-0.4957,-0.5106,16.849,-1.405,0.0285,22.24,61.87,29.31,2.71,909.1,141.6,54148.35,-30966.39,2.685
-0.2301,-0.1034,14.931,6.264,0.0252,19.84,65.44,50.83,2.46,930.9,45.3,58423.81,1658.38,2.683
-0.1223,-0.8129,-11.99,1.494,0.0369,17.29,61.53,38.85,3.9,860.2,35.6,-35975.86,29614.7,2.239
-0.1091,0.5769,-13.638,12.363,0.0427,16.58,59.72,48.18,2.63,927.8,166.1,-17627.95,76441.55,2.868
0.2033,0.5874,-14.925,9.423,0.0384,31.01,54.15,47.29,2.03,881.6,12.7,-19508.87,40075.34,2.641
0.7975,0.1584,14.74,-15.901,0.0446,31.76,46.34,11.87,3.71,913.8,133.6,6605.87,-55067.26,2.651
-0.4668,-0.2644,-11.03,17.943,0.0263,14.81,49.5,39.18,3.99,883.8,13.1,-11139.93,61491.66,2.724
-0.6813,0.5396,-3.014,9.086,0.0431,16.71,58.45,12.38,2.47,952.8,151.6,11757.43,37687.38,1.95
-0.5446,0.0984,-1.841,13.101,0.0413,21.62,48.37,35.21,3.34,845.1,163.4,18278.0,38146.31,2.061
0.6965,0.5867,3.564,5.443,0.0313,17.35,24.94,40.81,1.21,914.5,57.0,9216.88,5052.08,1.311
0.2625,0.2366,-15.418,12.826,0.0445,20.55,28.32,59.84,2.85,900.7,17.9,-8282.57,33685.26,1.968
-0.3854,0.5119,-9.837,-13.954,0.0308,16.32,64.79,2.32,1.16,844.2,89.1,-62799.18,-35187.84,2.825
0.5687,0.1774,15.534,-5.481,0.0428,22.22,3.2,5.93,1.1,829.2,57.2,2321.36,-2053.78,0.995
0.6505,-0.1545,14.703,13.551,0.0426,18.89,50.92,5.08,3.15,931.9,78.0,65846.18,10162.29,2.772
0.6237,0.8243,10.126,-10.74,0.0402,20.33,68.83,24.2,2.06,842.0,121.4,12256.8,-64312.52,2.659
0.7541,0.074,-17.302,-15.183,0.0363,15.7,51.44,49.38,3.6,846.1,41.7,-75349.9,-13664.81,2.991
-0.446,0.1892,-6.228,10.372,0.0274,21.71,71.57,50.72,4.14,957.0,67.5,-3983.78,48456.9,2.347
0.4591,-0.5031,4.607,12.078,0.0356,31.7,50.13,44.35,1.49,920.4,141.9,26267.43,22559.0,2.079
-0.071,0.2262,-8.093,-12.145,0.0321,19.92,4.41,53.86,3.54,855.1,117.7,-3465.0,-1920.14,1.112
0.6156,0.1289,14.745,12.756,0.0408,29.78,59.89,19.71,2.8,902.7,62.1,59932.29,7781.71,2.954
0.4113,-0.5673,4.82,6.724,0.0402,29.18,21.92,5.75,1.39,894.8,121.3,9335.82,3846.42,1.453
0.4976,-0.7927,-15.411,0.723,0.0432,31.14,33.22,3.96,3.28,938.2,138.9,-21280.32,18777.89,1.823
0.2811,0.1878,14.724,11.889,0.0253,28.22,23.85,51.2,3.13,922.1,108.7,22944.98,7995.19,1.793
-0.5806,0.4746,16.48,-2.907,0.0412,25.87,20.8,43.96,2.8,936.4,46.9,13914.59,-12933.57,1.606
0.081,0.0421,-15.202,-11.016,0.0438,29.42,32.2,42.07,4.24,849.6,5.0,-28794.27,209.83,1.974
0.8724,-0.4918,1.165,-7.745,0.0408,15.36,28.51,20.71,2.82,909.6,145.5,-6198.51,-13548.72,1.412
0.7873,0.2997,-7.079,0.186,0.0276,22.33,46.33,23.1,4.47,825.6,149.0,-17533.6,9405.07,1.539
-0.8223,-0.7558,-3.858,1.128,0.0266,31.81,58.92,57.51,2.78,829.7,127.1,-9835.28,8631.31,1.438
-0.6033,-0.1047,-11.533,11.001,0.0254,27.85,22.8,4.3,1.41,919.9,18.4,-7402.69,15504.97,1.704
-0.6629,-0.6059,2.811,10.489,0.0376,31.32,16.96,46.54,2.65,823.4,107.4,7071.81,7220.0,1.314
0.4068,-0.568,16.487,2.929,0.0376,28.03,48.68,18.92,1.64,901.2,148.7,44173.99,-16553.12,2.345
0.572,-0.5359,0.111,10.108,0.0447,29.75,48.92,2.82,3.09,937.7,73.2,17357.28,21446.14,1.877
-0.5157,-0.2039,-15.015,-11.096,0.033,26.72,65.08,44.68,3.43,873.2,39.7,-63286.98,-7765.82,3.095
0.0105,-0.8079,4.32,-16.198,0.0316,27.69,3.12,20.19,2.64,826.3,107.8,-695.78,-2545.27,1.043
0.6133,-0.184,-5.752,13.451,0.0375,23.42,61.71,43.47,1.34,919.9,149.6,6599.62,56574.12,2.482
0.419,0.0211,12.813,-15.28,0.0415,30.64,38.47,42.61,2.64,950.2,13.6,2671.73,-37338.28,2.312
0.076,-0.0301,-2.352,-9.119,0.0437,28.85,45.49,32.32,1.29,920.4,109.5,-19023.69,-13491.47,1.707
0.1626,-0.211,-11.058,7.031,0.0411,29.19,8.4,46.75,3.39,901.0,117.6,-2266.13,5866.96,1.136
0.015,0.6105,-11.12,-3.26,0.0335,26.11,32.28,35.07,3.77,852.2,110.4,-19565.53,4532.69,1.651
-0.3644,-0.6384,9.676,13.547,0.0377,19.48,17.91,17.55,4.37,822.2,118.8,17222.22,8297.14,1.531
0.117,0.0103,-8.439,-7.273,0.0421,14.64,19.8,44.18,1.52,917.3,115.5,-16148.31,141.6,1.351
0.34,-0.7883,9.62,-17.573,0.0348,30.84,37.29,35.55,2.86,852.3,27.8,-1909.78,-36267.9,2.248
0.672,-0.7719,-10.588,-7.176,0.0293,24.55,58.87,1.26,2.99,940.1,46.1,-38937.57,-7008.86,2.226
0.2453,0.133,-6.419,2.811,0.0284,19.37,54.06,54.15,4.23,885.3,113.3,-15576.0,19940.88,1.577
0.47,0.1188,-1.242,-4.466,0.025,16.68,43.37,32.97,3.2,894.3,8.1,-5221.41,-8186.59,1.31
-0.6119,0.6805,15.955,1.255,0.0394,28.93,39.76,52.18,1.51,925.6,116.1,31315.92,-16332.45,2.064
-0.0692,0.1042,15.542,13.558,0.0272,29.06,31.91,53.02,2.53,929.1,121.4,32478.06,10381.26,2.023
-0.8832,0.8276,-10.553,14.849,0.0299,28.66,70.09,26.98,3.29,910.0,46.9,-11645.1,63284.23,3.107
-0.456,-0.8123,-5.104,-8.425,0.031,25.61,41.21,30.71,3.45,951.4,109.7,-20279.87,-9205.31,1.681
0.4076,-0.7236,-12.622,-1.363,0.0362,20.59,19.78,25.24,4.02,957.5,98.5,-15005.94,5950.77,1.478
0.8853,-0.8207,0.359,1.769,0.033,19.47,18.11,27.24,1.63,952.6,50.6,804.27,1269.87,1.039
-0.7215,-0.5665,-1.419,16.168,0.0385,14.15,44.79,53.76,4.33,935.4,86.0,22124.86,44540.62,2.149
-0.1773,0.0743,14.427,17.95,0.0261,29.0,38.6,47.39,1.21,918.8,164.2,41223.14,23898.49,2.471
0.5401,0.262,15.48,-9.525,0.0275,15.57,2.54,8.03,4.44,912.9,79.7,1770.43,-2121.59,1.049
-0.5327,-0.8179,-4.192,8.171,0.035,25.35,60.1,36.81,4.0,834.5,115.2,2200.59,32903.17,1.948
0.0992,0.8027,-0.297,-4.391,0.0317,23.07,51.29,59.76,3.31,858.0,11.2,-6623.02,-8769.65,1.359
0.4195,0.6159,14.265,-17.708,0.0309,23.48,48.33,35.94,3.57,820.8,18.6,14933.32,-54713.17,2.696
0.2088,-0.3661,11.041,-17.667,0.0263,30.68,6.81,47.26,1.25,839.2,19.2,361.24,-6521.87,1.421
-0.5616,-0.7611,-17.868,-1.42,0.0429,14.57,27.34,46.26,1.15,881.5,141.2,-31233.46,17703.99,1.824
-0.2603,-0.5942,-6.478,-0.42,0.0388,27.92,67.48,21.34,1.36,840.5,66.3,-19815.81,13020.31,1.734
0.5108,-0.6715,-2.816,-17.187,0.0274,14.94,62.38,22.63,1.31,946.2,44.8,-37494.14,-56926.88,2.734
0.0976,-0.6781,-9.73,6.729,0.0263,14.69,21.99,43.58,2.92,932.8,135.8,-9721.7,13585.42,1.36
-0.8906,0.0334,-10.815,-7.416,0.0445,21.74,12.99,30.25,1.75,830.0,34.7,-10250.22,166.38,1.279
0.4698,-0.4575,-16.64,2.156,0.0386,15.14,33.44,34.45,4.01,854.8,48.1,-28907.39,23819.45,1.952
-0.8364,-0.2553,5.161,-7.167,0.0333,28.2,26.91,42.92,2.56,934.7,80.4,1133.89,-12512.8,1.431
0.4423,0.8811,-8.55,-11.983,0.039,23.53,49.76,46.77,3.43,932.4,63.0,-40651.12,-16982.21,2.233
-0.5355,0.3318,-16.116,-3.342,0.0401,14.52,69.65,16.66,3.29,952.4,107.4,-77557.87,29329.87,2.851
0.8245,0.8082,-9.685,-9.638,0.0406,14.73,27.41,9.23,2.12,959.7,64.1,-25213.29,-5800.36,1.499
-0.2377,-0.6434,10.869,1.253,0.0346,25.03,6.36,17.86,1.85,956.7,73.8,3352.87,-1244.57,1.111
-0.3115,-0.2121,12.654,-10.842,0.0336,28.51,64.83,30.7,2.2,877.4,156.0,21453.02,-58706.31,2.774
-0.632,0.0985,-0.61,0.303,0.0252,21.88,4.66,20.86,3.79,855.0,159.8,-144.42,163.13,0.942
-0.3499,-0.7618,-3.021,-12.334,0.0435,23.98,68.69,34.32,3.05,926.2,149.8,-42849.09,-35414.63,2.495
0.678,-0.8925,17.203,6.155,0.0371,28.4,48.52,3.68,1.89,861.9,156.3,49571.76,-9925.76,2.399
0.8934,0.3068,-10.78,9.142,0.0291,24.99,67.92,30.83,3.86,932.9,104.7,-23265.02,49618.46,2.631
-0.237,0.2553,-10.247,-14.026,0.0434,18.05,15.98,22.4,1.19,894.8,118.1,-17233.96,-6912.27,1.392
-0.0925,-0.1606,-7.493,-1.159,0.0433,25.03,4.85,32.31,3.45,931.1,102.5,-2170.51,765.74,1.068
0.3997,-0.0186,-11.781,-15.449,0.0448,25.31,36.17,25.64,2.54,858.6,142.5,-42696.82,-12869.79,2.218
0.6952,-0.1522,-4.343,3.535,0.0425,27.21,33.54,17.41,3.56,891.1,101.4,-3213.03,10631.62,1.296
0.1675,-0.8568,14.79,-8.481,0.045,25.18,25.2,54.29,4.25,899.0,24.4,9206.36,-21951.66,1.801
-0.1953,-0.2963,4.153,0.994,0.0299,31.45,69.04,11.49,3.63,952.0,146.7,13853.81,-717.31,1.587
-0.1573,-0.5813,-3.17,0.629,0.0418,17.55,59.58,41.04,2.55,857.3,138.1,-8599.37,8477.29,1.333
0.3521,-0.7228,15.639,15.277,0.0415,31.12,48.31,55.52,1.53,951.1,148.6,57149.8,9197.82,2.787
-0.8942,0.8221,-16.255,1.767,0.0296,23.69,13.4,32.55,3.82,932.7,38.3,-10175.63,7126.24,1.418
0.2153,0.1788,-10.43,2.988,0.027,26.1,53.4,52.65,2.61,922.3,52.5,-23332.18,17063.19,1.993
-0.2601,0.4116,2.372,-3.54,0.0446,15.79,52.89,7.93,1.26,930.2,56.8,-703.65,-13916.6,1.398
0.5296,-0.3323,4.16,16.167,0.0309,20.85,31.75,29.88,3.52,904.8,93.9,22454.72,23224.02,1.857
-0.7326,-0.1923,-16.576,9.979,0.0424,27.85,66.74,27.69,2.02,854.2,28.4,-29154.43,59416.84,3.068
0.1588,-0.4735,-3.491,-7.725,0.0251,26.72,13.69,0.98,1.17,846.5,72.4,-3983.29,-4174.7,1.124
-0.0342,-0.7255,5.37,12.392,0.0254,14.72,20.71,26.87,4.16,941.3,36.9,12271.49,12632.58,1.585
0.2562,-0.5777,7.131,-2.434,0.0343,23.84,6.43,22.46,2.69,921.5,51.3,1970.63,-2422.93,1.097
-0.7833,0.5355,4.973,11.832,0.0298,15.59,57.68,40.35,1.98,849.8,128.6,37498.94,33192.94,2.222
0.144,0.3196,-6.46,11.624,0.0388,31.93,45.52,56.33,3.51,906.1,154.6,2085.03,33080.57,2.072
0.1107,0.0845,-14.633,-11.201,0.0363,30.15,24.05,5.6,4.1,882.7,9.0,-20776.1,-3530.31,1.701
0.1092,-0.0448,-2.624,7.241,0.0265,14.38,13.47,19.98,1.0,842.2,104.0,194.29,6461.29,1.202
0.1863,0.7604,-13.365,-7.537,0.0283,29.46,4.81,26.92,3.41,894.5,11.3,-3624.76,215.32,1.127
0.3176,-0.7691,16.114,-7.29,0.0328,30.55,13.67,27.58,3.68,859.4,19.9,6848.34,-8481.89,1.426
0.549,-0.3949,-0.894,-7.331,0.0287,20.36,33.73,46.6,1.73,833.5,128.4,-9065.57,-12714.5,1.398
-0.4143,-0.2701,-6.579,8.12,0.0408,26.95,19.3,26.88,2.71,885.4,133.7,-1378.93,11923.66,1.288
0.5851,0.5084,9.587,-9.726,0.0333,21.96,20.13,2.12,1.31,902.6,147.4,5511.48,-16804.89,1.417
-0.0031,0.8865,-0.074,-17.967,0.0269,25.79,63.29,42.75,3.61,826.6,88.0,-23944.55,-54530.23,2.856
-0.7613,-0.4668,-6.839,7.749,0.0347,20.13,38.06,53.15,3.97,876.3,155.5,-4292.05,25702.47,1.655
-0.7946,0.6738,11.231,-11.837,0.0268,19.81,53.05,31.08,1.38,856.1,34.2,18728.11,-45886.1,2.365
-0.2984,0.5951,13.217,-14.239,0.0276,21.64,4.5,35.08,3.86,824.3,48.7,1559.11,-4547.13,1.083
0.5128,-0.4956,6.228,-9.449,0.0298,16.62,27.56,10.19,3.7,837.6,28.5,2622.3,-19255.95,1.527
0.3738,-0.1812,-16.309,-4.324,0.0422,28.96,35.54,13.63,2.21,839.5,144.6,-32860.61,10435.41,1.993
0.5195,-0.1626,2.388,-0.867,0.0435,20.28,15.05,14.49,3.42,845.6,45.0,705.75,-2116.33,1.073
0.0311,0.8608,9.479,-16.395,0.0415,21.2,10.41,26.13,1.0,932.5,32.2,-1273.83,-11840.71,1.326
-0.1076,-0.5744,-13.086,16.941,0.0317,30.09,62.92,55.72,4.26,881.5,114.0,-12189.0,69658.86,3.371
-0.6346,0.5385,-9.768,7.778,0.0304,22.94,67.76,31.55,2.93,840.6,18.5,-18928.01,41798.53,2.416
-0.3093,-0.2985,13.77,-6.365,0.036,23.8,7.52,11.93,3.17,834.0,12.9,4282.44,-4959.08,1.171
-0.1188,0.4156,-17.276,-6.527,0.0394,31.22,26.43,16.33,3.33,861.7,23.7,-22041.5,5697.18,1.819
-0.7405,-0.144,9.098,-1.852,0.0449,29.96,69.08,23.35,2.96,931.7,5.0,19764.75,-24638.15,2.12
-0.5029,0.141,-0.944,4.545,0.0276,17.05,7.82,37.58,4.0,871.0,127.0,869.29,2600.79,1.058
0.1768,0.5987,-1.916,-12.731,0.026,22.52,47.05,26.68,3.13,842.4,103.4,-18129.32,-30273.04,2.044
0.4242,0.5475,-17.745,-11.199,0.0389,31.48,70.06,23.85,4.18,876.6,41.7,-69522.3,1342.92,3.47
0.897,0.6596,11.498,12.94,0.0416,20.7,70.48,34.1,3.04,897.7,45.8,71780.93,18380.7,3.019
0.7796,-0.7927,-5.046,-8.775,0.0419,20.69,34.99,14.89,1.6,824.1,146.9,-22055.82,-11680.11,1.596
0.2566,0.3457,1.468,-4.313,0.0386,17.51,13.39,5.19,4.2,907.9,92.8,-1435.68,-3294.06,1.182
-0.1418,-0.648,6.383,13.366,0.0441,16.06,16.15,1.95,3.39,875.3,127.2,14630.51,8699.64,1.411
0.2451,-0.1515,7.295,5.873,0.0352,27.33,64.27,15.45,3.45,821.4,84.2,30365.08,4183.96,1.954
0.5142,0.0875,16.415,-5.698,0.0433,27.86,65.82,5.95,4.45,914.3,46.6,35211.11,-50537.96,2.89
-0.687,-0.1751,1.128,6.613,0.0444,31.44,44.55,20.51,1.26,919.7,174.8,13017.29,11167.36,1.392
-0.1622,0.0353,-3.61,-17.291,0.0419,27.92,55.63,46.49,2.5,908.0,104.0,-38044.76,-40701.53,2.645
0.6116,0.8937,16.333,8.483,0.0312,18.38,53.8,43.12,1.84,867.9,27.9,57166.84,-1595.03,2.716
-0.2091,-0.6566,5.116,-0.467,0.0289,14.72,48.33,36.85,3.21,894.1,76.1,14317.9,-6585.88,1.347
0.1294,0.3158,-7.267,11.275,0.036,31.74,59.91,51.22,3.82,874.2,62.6,-2218.86,37475.32,2.347
0.158,-0.1872,-13.447,16.367,0.0341,20.13,49.98,17.28,4.38,918.1,42.5,-11407.34,63487.84,2.814
-0.5679,-0.6606,12.332,15.328,0.0426,19.62,39.38,53.16,2.59,901.7,168.4,50286.62,16677.81,2.346
-0.248,-0.6143,-4.961,14.734,0.027,30.31,18.59,24.25,3.75,831.5,159.2,1566.44,16087.96,1.546
-0.2979,0.8087,5.777,0.438,0.0302,24.53,54.07,24.35,4.21,910.0,39.9,12408.83,-6835.55,1.429
-0.8528,0.6833,-1.051,-5.035,0.04,17.87,35.14,24.62,3.39,916.2,66.6,-7850.46,-9121.88,1.326
-0.8565,0.7327,-10.839,-1.259,0.0269,30.0,22.64,6.34,1.85,871.9,138.4,-11836.16,2876.32,1.336
0.5971,0.8848,3.661,6.836,0.0314,31.88,58.14,58.54,3.13,942.6,41.5,16743.15,10724.82,1.701
-0.4085,-0.525,-15.815,13.824,0.0327,15.56,50.77,8.74,4.39,938.0,108.5,-26725.16,64129.16,2.818
0.0325,-0.2602,-3.12,-10.548,0.0375,29.52,67.61,20.78,4.46,844.5,127.5,-29108.94,-27269.98,2.248
-0.3623,0.3046,1.678,15.055,0.0282,21.03,13.58,19.5,3.25,946.6,119.4,6502.3,10527.49,1.379
0.7932,-0.0292,-2.302,11.346,0.0422,23.43,47.44,4.94,4.1,881.7,128.6,13423.28,30052.93,1.869
-0.4333,-0.1469,8.952,17.239,0.034,30.47,19.1,9.56,1.7,921.3,128.7,16623.62,10245.65,1.692
-0.1266,-0.2559,11.805,13.689,0.0433,31.52,65.25,3.17,1.86,934.0,173.8,65104.62,15986.14,3.0
0.6709,0.1688,9.765,-7.922,0.0344,18.72,8.96,17.9,4.34,890.7,65.6,2793.54,-6248.69,1.232
0.6155,0.1361,-16.603,-14.186,0.0305,17.83,47.93,52.07,1.47,875.9,158.8,-67577.24,-18569.42,2.691
-0.565,-0.6094,-11.011,-13.959,0.0278,15.45,57.38,20.7,1.67,948.2,8.8,-54108.66,-28427.85,2.759
0.5448,-0.0509,1.318,-7.516,0.0251,24.11,26.84,7.86,2.47,852.3,55.4,-1828.3,-10140.38,1.326
-0.0753,0.0962,15.654,4.111,0.0356,14.24,68.79,38.92,3.06,856.0,13.5,68416.51,-18653.05,2.825
-0.0307,0.1265,12.058,10.956,0.0271,21.41,61.55,59.8,3.11,870.6,119.0,54993.75,18567.43,2.703
-0.6597,-0.5218,12.331,14.373,0.0328,15.32,22.62,14.32,2.02,940.3,22.6,25166.88,8971.25,1.743
-0.7549,0.4361,-7.085,4.455,0.0368,21.29,2.53,17.13,4.22,951.4,153.0,-304.31,1598.04,0.993
0.4103,-0.8546,-2.54,-17.797,0.0305,14.72,22.77,58.32,4.2,850.8,118.2,-15269.24,-22442.92,1.785
-0.0064,-0.2613,-1.055,-11.293,0.0285,29.03,21.69,11.14,2.37,940.9,10.0,-5428.92,-9041.41,1.501
-0.1137,0.5044,-12.335,-14.41,0.0405,17.78,64.3,30.92,2.52,856.1,130.1,-80612.22,-23468.27,3.063
0.4131,0.115,-16.882,-4.92,0.0439,19.91,69.7,14.76,3.46,955.9,155.9,-79149.37,27993.56,3.064
0.4779,-0.4299,16.089,0.049,0.027,29.66,6.93,55.97,3.32,903.6,120.7,5167.21,-2038.9,1.202
-0.614,0.3509,-9.334,-16.438,0.0281,27.43,34.99,58.9,2.34,821.0,10.3,-26034.99,-20507.27,2.025
0.1984,0.1213,-9.362,-5.455,0.0442,17.94,40.38,48.97,2.45,824.8,155.1,-29655.87,2259.12,1.735
-0.6564,0.5332,-14.998,-11.55,0.0258,15.29,8.5,19.23,2.22,840.6,133.2,-10525.62,-3194.39,1.273
0.4525,0.423,15.426,5.295,0.0446,26.88,28.42,24.51,1.82,846.3,71.2,25857.36,-8136.35,1.744
0.2825,0.1982,2.871,-1.286,0.0251,21.03,24.2,14.92,2.6,927.5,62.5,3502.17,-3594.23,1.111
0.8219,-0.0213,6.013,-0.169,0.0425,27.79,39.52,53.5,3.4,851.2,89.0,10656.86,-7555.56,1.277
-0.7759,-0.6603,14.817,-2.603,0.0311,22.02,48.28,54.92,3.6,955.7,156.7,34791.92,-26654.34,2.156
-0.7973,-0.4296,-5.558,16.417,0.0438,20.23,51.24,25.42,3.73,909.1,49.1,16196.08,54879.51,2.526
-0.3921,-0.1456,4.374,-10.27,0.0313,22.12,11.57,39.56,2.31,917.0,22.7,-587.44,-5721.3,1.302
-0.4289,0.1787,-16.603,0.6,0.0381,27.47,58.91,10.35,3.68,850.5,156.3,-48177.62,30328.17,2.584
-0.4554,0.0247,-11.276,8.497,0.0266,30.24,49.5,26.38,1.02,945.0,9.6,-15404.93,27117.6,2.174
0.7313,-0.3813,11.925,2.046,0.0298,14.9,64.24,38.07,2.67,913.5,164.4,52222.45,-14565.89,2.35
-0.4508,-0.8884,9.604,15.445,0.0405,23.43,33.45,23.43,3.78,941.0,58.5,31909.35,14951.59,1.988
-0.4105,-0.0068,-5.377,-4.393,0.0356,14.59,64.57,21.78,3.21,953.9,93.9,-29378.87,-5531.87,1.781
0.4669,-0.3859,-4.435,-1.308,0.0436,22.43,62.6,0.56,2.66,837.6,28.2,-15492.54,4753.83,1.481
-0.0905,0.4223,1.208,-14.813,0.0336,29.94,32.69,48.36,3.26,833.5,162.9,-9691.48,-24060.15,1.869
0.4981,-0.8569,-17.991,3.924,0.0424,20.51,28.68,53.42,4.17,932.5,136.2,-24340.69,25019.89,1.816
-0.7823,0.1527,-9.315,-7.624,0.034,30.78,67.3,58.18,2.98,941.3,166.7,-44245.85,-7590.91,2.295
-0.0224,0.7947,-10.504,-12.229,0.0446,25.35,52.06,43.3,3.8,901.7,124.6,-51973.05,-12046.15,2.413
-0.8395,-0.5861,-8.983,1.603,0.0442,30.81,66.98,33.15,4.43,871.2,37.3,-20193.22,22155.44,2.023
-0.7872,-0.051,11.013,1.163,0.0316,27.63,57.79,16.52,3.47,911.4,58.9,29216.68,-12761.74,2.064
0.7316,-0.7354,-7.932,-15.269,0.0427,15.86,44.65,59.96,3.01,862.8,90.2,-46637.44,-24677.14,2.309
-0.6494,0.2262,-11.105,7.136,0.042,18.16,10.11,35.59,1.13,853.4,111.3,-4100.17,7873.49,1.176
0.0584,0.091,0.153,4.456,0.0292,21.1,22.4,41.03,2.31,888.3,167.1,2452.21,5313.55,1.098
-0.16,-0.1667,13.163,-11.195,0.0375,17.06,69.82,41.1,2.98,850.3,72.2,23134.84,-72784.45,2.986
-0.2748,0.0385,-9.311,-1.1,0.0265,22.91,24.36,50.79,3.79,887.7,128.0,-12144.32,3910.82,1.361
0.7197,0.7138,-15.173,7.932,0.0417,22.48,8.53,1.08,2.53,953.9,173.2,-4295.79,8677.28,1.229
-0.8607,-0.5467,-5.169,1.06,0.0285,31.21,51.53,13.6,4.36,937.6,31.7,-8918.99,7976.49,1.517
0.2948,-0.8594,8.915,-3.762,0.0264,21.81,53.38,40.1,1.95,951.8,156.0,20113.97,-23718.61,1.899
0.8341,0.651,1.825,-6.396,0.033,28.14,21.98,53.76,3.61,932.9,78.6,-2193.53,-5917.98,1.27
0.1083,0.1388,11.405,3.974,0.0365,30.95,22.84,41.28,2.47,869.7,133.2,14334.52,-3680.62,1.471
0.7863,0.7032,16.545,15.808,0.0421,29.79,34.82,25.1,2.7,933.7,56.4,39440.14,7569.9,2.306
-0.8059,0.1745,10.536,6.183,0.0445,17.76,3.53,22.01,3.81,949.2,63.4,2762.95,-87.41,1.029
-0.1462,0.5583,3.737,-15.309,0.0338,22.93,57.25,44.41,2.04,952.6,9.7,-10758.04,-48160.53,2.444
-0.4317,-0.1266,-0.24,-1.415,0.0262,20.26,24.2,44.6,1.34,915.6,175.0,-1268.14,-900.42,1.023
0.4155,0.4497,-16.558,14.07,0.04,21.2,61.76,36.62,2.82,849.6,147.4,-27309.76,85196.73,3.235
0.8663,0.7435,17.436,-14.599,0.0363,20.49,58.18,17.84,2.85,825.6,21.4,25567.52,-70544.62,3.148
-0.4382,0.1298,-4.195,17.6,0.034,28.87,48.3,55.55,3.79,840.6,179.9,12372.27,48267.66,2.465
0.2775,-0.5746,-12.52,16.166,0.0312,22.14,24.74,33.34,4.39,955.2,110.9,-4351.29,29549.14,1.833
-0.5434,-0.4162,6.002,-15.182,0.035,23.43,38.14,47.53,1.19,884.7,154.4,-3726.37,-38506.09,2.018
0.1176,-0.5424,-7.766,15.603,0.0318,31.68,33.14,13.25,3.07,939.7,16.7,848.04,24353.22,2.021
-0.0649,-0.4557,3.088,-4.927,0.0401,15.08,25.72,20.97,3.38,885.1,73.2,-705.0,-10039.68,1.126
0.8496,-0.3485,3.124,12.41,0.0359,22.78,61.37,52.54,4.45,912.5,122.2,34660.0,33576.8,2.29
0.1953,0.0992,-1.954,-2.938,0.0425,27.93,35.85,3.48,4.3,823.4,23.6,-6906.39,-1820.67,1.093
-0.2709,0.1584,12.1,-2.129,0.0359,16.72,60.29,30.98,3.49,855.0,90.6,38028.04,-32888.48,2.246
-0.6946,-0.1323,-8.461,4.833,0.0298,25.01,9.37,29.16,2.83,881.1,82.5,-2325.6,3925.72,1.19
-0.6278,0.2078,-1.849,9.881,0.042,18.31,11.87,45.2,1.57,908.3,42.8,3023.48,7121.19,1.131
-0.4944,-0.7532,1.357,-16.784,0.0361,29.61,70.41,17.27,2.34,844.0,57.5,-24321.29,-52857.98,2.915
-0.4483,-0.742,5.89,3.354,0.0291,19.89,43.14,13.53,3.05,927.0,174.2,17662.69,-673.43,1.402
0.6311,-0.5907,10.223,-11.278,0.0375,19.92,37.68,55.6,3.54,871.0,55.5,5436.5,-33628.18,1.959
0.1102,0.0325,-3.787,-5.546,0.0322,24.77,38.62,34.52,3.22,934.4,42.3,-10944.94,-6336.31,1.415
0.0421,-0.5148,5.258,-5.473,0.0419,17.3,17.07,6.73,3.5,833.7,98.8,1200.07,-8587.42,1.202
-0.6934,-0.3901,-12.578,-1.114,0.0341,19.13,52.31,11.99,2.5,915.2,122.4,-37793.19,14486.2,2.082
0.6483,-0.1794,15.575,-5.971,0.0395,21.5,7.93,59.93,3.55,861.1,131.9,5806.91,-6214.94,1.172
0.4011,0.5614,-4.21,-14.135,0.0269,20.37,42.13,12.14,1.5,931.4,137.0,-25077.96,-29063.22,2.092
-0.7782,-0.875,8.263,-12.757,0.0329,23.45,41.95,36.82,1.57,876.3,11.4,2828.19,-35334.09,2.076
0.3741,0.2689,-17.268,-16.796,0.0447,24.79,65.99,25.5,1.57,913.1,73.9,-91935.33,-13126.46,3.5
0.0784,0.304,-10.613,-1.071,0.0412,24.2,38.83,53.19,4.12,950.8,140.4,-21742.05,12516.26,1.655
-0.7529,0.5376,-0.465,16.36,0.0282,25.78,11.59,45.43,1.27,822.9,163.3,3834.75,10715.09,1.273
-0.0751,0.779,13.617,-13.836,0.0306,19.54,42.09,36.02,3.81,821.6,110.4,15283.32,-48467.13,2.432
-0.0275,-0.8638,0.981,16.066,0.0316,16.28,8.39,1.14,1.82,927.8,14.2,3910.73,7074.76,1.261
-0.6016,-0.6232,15.475,8.401,0.038,27.69,16.27,52.85,2.64,910.5,74.4,14952.22,-1212.5,1.471
0.8023,0.6951,-0.583,4.95,0.0401,29.31,4.18,26.96,4.21,861.0,18.0,538.43,1051.67,1.12
0.63,-0.0747,-0.344,5.23,0.04,18.63,37.93,55.93,3.05,889.2,136.0,6702.17,10321.09,1.404
0.3042,0.1163,-13.689,11.762,0.0352,21.33,7.92,29.98,1.74,825.9,16.1,-2630.54,7243.49,1.227
-0.0679,0.2934,10.896,-14.151,0.0412,22.97,34.86,41.81,1.99,846.9,37.5,1650.2,-36162.08,2.017
-0.1588,0.3223,-9.109,0.171,0.0337,23.6,67.31,4.62,4.22,879.4,78.0,-29606.4,15712.31,2.004
0.2718,0.7771,14.386,7.095,0.0275,25.87,52.38,44.84,2.5,936.8,86.0,42502.42,3790.98,2.353
0.0818,0.8945,14.79,3.126,0.0363,14.75,7.42,20.61,3.05,887.2,76.1,7192.85,-1600.28,1.274
-0.7879,0.3963,15.959,11.98,0.044,26.99,17.69,21.41,2.61,902.1,86.1,21041.42,158.08,1.538
0.0225,-0.383,0.728,-15.398,0.0409,15.12,49.16,7.56,2.32,942.3,129.8,-29402.1,-47955.57,2.306
0.5515,0.6836,6.375,6.865,0.0366,22.43,64.63,9.24,1.78,863.2,69.6,34099.36,9921.14,2.044
-0.0734,-0.8114,10.027,1.225,0.0379,28.9,4.3,11.55,3.4,918.1,100.9,1894.42,-1130.24,1.057
-0.8065,-0.4841,-13.283,-4.35,0.0436,22.12,58.87,20.03,3.51,940.6,58.1,-46784.38,16413.58,2.462
0.5153,0.7153,3.634,-5.75,0.0336,16.68,41.33,53.57,1.96,848.4,66.9,992.31,-17992.74,1.391
-0.5375,-0.4389,-16.765,4.35,0.0316,31.73,40.23,22.41,3.76,869.9,112.4,-25602.64,23411.39,2.157
-0.4345,-0.5028,-0.088,14.076,0.0445,30.01,69.05,43.6,3.99,957.2,90.8,30946.89,42765.97,2.595
-0.6035,-0.6514,-12.426,-0.138,0.0423,27.88,54.34,5.42,4.22,957.7,131.5,-30745.0,21194.97,2.173
-0.3056,0.6464,-11.415,11.69,0.0315,21.41,61.51,35.67,1.56,851.3,103.1,-17769.87,57682.35,2.693
0.4622,0.0001,-4.858,-3.522,0.0343,17.31,26.78,29.17,2.06,829.3,145.6,-10883.91,-347.78,1.181
0.0349,0.3148,-2.432,-14.314,0.0333,30.95,40.81,58.69,4.01,857.9,82.6,-17797.18,-22903.98,2.049
-0.5312,-0.4697,4.434,-15.786,0.028,23.58,45.08,50.85,1.69,875.7,90.9,-6370.53,-40900.01,2.256
0.6801,0.4645,-15.321,-16.152,0.0442,29.34,24.51,27.56,1.01,881.7,122.2,-30423.29,-6502.44,1.858
0.6832,0.468,0.133,-4.315,0.0331,20.16,41.92,46.62,4.05,906.6,43.7,-5114.19,-7725.4,1.284
0.667,-0.3373,-11.425,-5.859,0.0425,20.04,18.57,11.99,2.14,945.9,72.5,-15388.92,2740.16,1.332
-0.4702,-0.1608,2.663,7.846,0.0288,31.74,12.04,33.96,2.45,866.2,114.3,3415.78,3196.13,1.158
-0.0878,-0.5226,4.947,8.742,0.036,23.39,28.18,4.94,2.56,939.0,10.1,13148.24,7402.89,1.479
0.873,0.8578,2.042,-16.169,0.0255,16.53,53.75,21.21,3.97,833.1,81.5,-12741.72,-51075.56,2.443
0.4896,0.2621,8.579,-10.04,0.0403,17.95,66.13,13.94,2.18,825.9,109.8,6669.71,-59262.41,2.433
-0.8511,0.7822,-5.918,-8.127,0.0366,22.67,34.04,43.28,4.12,890.6,174.3,-21621.32,-7808.17,1.49
-0.7826,-0.3539,9.544,1.714,0.0375,14.76,47.0,29.66,3.16,828.4,158.5,29610.08,-12520.52,1.776
-0.0649,0.5074,-2.42,-12.797,0.026,22.33,9.21,45.19,2.85,874.9,54.1,-4339.3,-4660.49,1.104
0.7366,0.4785,-0.569,-13.178,0.0292,21.54,65.31,31.16,2.14,945.5,93.8,-22782.87,-44360.72,2.437
0.0697,0.345,5.332,15.976,0.0265,28.03,41.8,5.65,1.85,853.8,14.9,20330.77,26253.23,2.083
-0.0039,0.8382,-17.339,10.951,0.0308,20.39,56.62,44.25,3.18,918.8,47.1,-36511.0,56596.57,2.938
-0.7101,-0.1916,5.544,-11.496,0.0375,31.69,57.61,50.08,2.56,862.3,140.6,-4310.04,-39816.42,2.225
0.2822,-0.6647,4.269,-3.364,0.0363,17.25,19.95,54.26,4.19,826.3,26.6,3205.54,-6189.78,1.201
0.5798,0.3091,-6.846,-5.198,0.0372,24.64,39.04,34.53,2.72,897.9,50.1,-19112.29,-1435.47,1.602
-0.2152,0.4128,-14.911,10.476,0.036,15.61,69.23,45.34,2.79,936.9,170.2,-37816.25,81090.94,3.155
0.4961,0.1351,-14.726,0.368,0.0305,27.21,8.27,45.25,2.46,877.3,149.2,-5784.08,3466.15,1.123
0.8361,-0.5277,15.236,-13.397,0.0299,31.91,49.81,9.77,3.76,906.4,141.8,21846.47,-47367.71,2.682
-0.5332,0.008,6.814,8.604,0.0277,28.74,69.36,10.27,2.49,946.0,156.3,36955.93,16068.24,2.369
0.042,-0.3381,-13.424,-3.712,0.042,24.0,23.04,4.72,1.94,930.6,136.2,-18130.33,6948.57,1.541
-0.3832,-0.1306,-5.158,-8.535,0.0373,22.73,62.3,19.53,4.02,847.1,26.1,-29577.41,-16721.43,1.994
0.5271,0.2614,3.329,-4.482,0.0287,29.03,67.36,28.67,3.09,922.7,95.4,1884.78,-18341.84,1.623
0.1397,0.4414,12.081,-0.081,0.0285,30.85,54.3,59.87,3.07,890.3,82.7,28773.83,-11587.61,2.074
0.2422,-0.482,-16.428,-5.648,0.0425,31.81,18.19,26.14,3.14,924.4,59.5,-14642.92,5401.92,1.468
0.5362,-0.1704,-9.481,-9.291,0.0399,21.14,25.38,43.71,3.52,889.2,151.0,-22326.26,-4744.87,1.605
-0.1873,-0.4155,14.031,-3.654,0.0382,31.84,4.51,41.76,2.1,837.9,86.2,2057.12,-2174.38,1.138
0.7472,-0.5425,-17.67,-17.31,0.0331,16.81,60.2,12.67,1.12,899.8,15.6,-88088.22,-26590.18,3.415
0.0595,0.5101,-10.75,9.81,0.0302,18.56,61.47,3.98,3.84,888.9,53.1,-18863.53,49281.25,2.486
-0.6157,0.7367,16.525,-11.846,0.0446,15.6,46.29,32.99,1.45,892.5,45.0,20200.41,-61641.61,2.54
0.3526,-0.2336,4.082,-16.419,0.0409,18.89,26.68,42.17,3.53,943.0,160.3,-10782.37,-30771.0,1.672
0.5279,0.4523,-8.58,5.533,0.031,27.82,7.38,59.9,1.29,945.3,118.3,-2531.57,3482.6,1.055
-0.3298,0.7146,-15.588,9.862,0.042,29.35,54.71,21.84,2.31,883.5,103.1,-22107.5,51233.15,2.619
0.6429,0.623,-16.985,11.298,0.0402,28.02,52.86,53.83,1.22,883.8,93.7,-24307.86,54096.55,2.794
0.7311,-0.5709,-9.189,-0.234,0.0309,25.36,65.88,23.22,2.83,892.1,118.8,-29861.11,15731.91,1.986
-0.4016,0.8213,13.733,-10.607,0.0335,23.25,53.14,41.52,3.29,892.7,137.1,21476.38,-51422.89,2.489
0.8703,-0.222,-3.027,8.54,0.0287,26.76,60.01,36.1,1.6,953.1,102.0,3040.13,27540.4,1.887
-0.6467,-0.2894,7.932,7.19,0.0272,21.04,54.22,3.65,2.3,910.9,169.2,33389.14,11837.17,2.005
-0.5364,-0.7876,15.058,-9.134,0.0395,29.14,46.15,5.16,4.26,858.8,175.9,19626.53,-44093.1,2.372
-0.5684,-0.0249,-3.311,14.523,0.0304,26.19,31.89,1.74,2.55,894.4,179.2,5170.85,27787.12,1.842
0.7092,-0.7038,-11.114,-14.243,0.0414,26.56,65.15,22.56,3.81,907.8,122.1,-67330.04,-22047.38,2.95
0.2777,-0.4526,0.616,17.377,0.0449,23.65,47.57,44.88,4.25,909.6,168.2,33727.87,43949.14,2.459
-0.6262,-0.3295,14.691,12.969,0.0265,29.93,29.88,10.78,4.41,901.9,75.8,27073.75,10175.97,1.993
-0.1074,0.5559,10.957,6.764,0.0345,18.54,7.84,36.55,4.14,844.9,155.4,6795.91,553.16,1.144
0.2075,0.6759,-15.63,15.795,0.041,20.86,22.35,17.69,2.11,824.7,164.1,-6268.0,32371.93,1.832
-0.7498,-0.3556,6.933,8.003,0.0408,28.0,40.06,47.92,4.37,867.3,163.2,23220.19,5226.88,1.645
0.6883,0.6457,2.588,-11.144,0.0402,22.87,21.29,48.0,3.84,879.9,150.4,-4665.95,-15429.69,1.391
0.5465,0.643,14.669,-2.082,0.032,30.01,17.49,46.64,3.93,828.7,76.2,10188.52,-6719.45,1.453
0.0094,0.4764,-13.591,-15.426,0.0341,20.24,38.92,31.73,1.05,934.1,32.8,-43569.3,-16157.88,2.364
0.8408,-0.6359,1.225,-3.972,0.0369,20.65,13.89,17.43,4.34,868.2,63.4,-982.0,-3509.93,1.076
-0.148,0.3426,13.661,8.698,0.0445,30.0,58.03,48.66,3.72,947.9,139.3,53947.26,-3511.07,2.703
0.8714,0.801,-3.239,-4.088,0.0316,22.36,35.91,11.57,3.69,841.6,45.8,-9342.85,-2967.21,1.304
0.3023,0.3286,-0.648,-6.109,0.0435,23.29,42.17,17.74,1.29,828.0,88.7,-10070.64,-10469.07,1.348
0.2424,-0.3031,-15.463,3.433,0.0304,19.99,12.32,11.44,1.81,887.5,103.9,-9333.0,7638.79,1.386
-0.6013,0.001,-7.987,13.399,0.0448,18.98,24.72,40.62,4.37,846.5,110.7,3126.27,26569.17,1.673
0.6875,0.2623,-6.318,-16.287,0.0384,25.81,30.71,41.33,2.75,951.2,168.8,-26897.38,-19571.15,1.906
-0.1305,0.019,16.024,-4.123,0.0343,16.16,58.57,39.32,2.39,821.4,120.8,45474.44,-44416.71,2.592
-0.608,-0.6841,-7.824,-12.303,0.0373,29.83,55.91,25.23,3.94,877.8,142.6,-41070.78,-19562.89,2.378
-0.8773,-0.3383,-1.409,7.033,0.0305,28.03,17.61,6.46,1.31,949.7,106.8,2412.11,6211.77,1.291
0.1076,0.5443,6.167,-14.194,0.0305,17.43,45.13,54.71,2.46,873.8,150.9,-2207.23,-45396.58,2.174
0.0493,0.6506,-12.161,5.933,0.0273,26.49,19.04,30.71,2.31,833.0,51.1,-8379.56,10154.97,1.356
0.3948,-0.6529,-0.488,-7.697,0.0273,24.85,71.18,24.71,2.22,862.4,41.7,-14281.46,-25553.46,1.742
0.7025,0.8143,8.587,-10.839,0.032,17.32,68.65,35.54,2.08,889.7,167.1,12416.34,-62100.16,2.601
-0.7571,-0.3081,13.207,15.709,0.0403,18.92,41.43,11.97,1.74,845.9,126.4,53753.73,16860.87,2.368
0.4167,0.2922,4.545,-17.333,0.0372,21.36,50.92,8.39,1.61,885.3,122.5,-17027.77,-54578.5,2.516
-0.5627,0.4533,6.086,-2.24,0.0271,26.59,58.1,24.63,3.24,937.1,86.8,13065.49,-13430.46,1.588
0.6447,0.5615,-13.454,-17.221,0.042,25.5,52.47,14.02,4.22,942.2,70.9,-62465.23,-19264.54,2.867
0.5743,0.8023,16.048,-0.591,0.037,23.58,50.99,15.04,2.78,826.9,102.2,41339.05,-26558.93,2.326
0.0734,-0.3367,-13.227,0.038,0.0442,27.83,69.1,53.6,2.04,842.5,26.1,-38131.37,29431.87,2.49
0.3784,0.6453,9.888,-6.42,0.0384,27.64,43.75,32.08,1.56,858.5,84.6,10071.46,-25723.43,1.899
-0.3342,-0.663,-8.467,-13.242,0.0285,25.12,46.54,29.27,3.91,903.3,84.7,-33289.78,-21966.73,2.248
-0.0519,0.3691,15.609,-4.45,0.0345,28.17,61.45,41.52,4.4,870.5,99.2,37518.29,-36974.42,2.602
0.5789,0.4356,7.919,6.201,0.038,20.02,48.89,57.12,2.22,938.2,116.1,29343.57,2842.76,1.766
-0.0733,0.3199,9.137,10.166,0.0256,29.86,53.31,7.18,2.02,920.3,172.5,34723.32,19227.85,2.233
-0.256,-0.4458,-10.114,1.107,0.0253,25.07,18.39,50.1,3.11,834.1,119.1,-9088.05,5218.7,1.364
-0.0104,0.6715,-2.051,3.234,0.0276,28.8,27.99,35.25,3.71,907.4,159.7,-248.93,5407.06,1.23
0.5908,-0.5961,4.241,-10.778,0.03,23.83,12.31,9.2,2.59,835.8,102.4,-584.85,-7564.59,1.188
-0.2966,-0.8035,9.719,-7.656,0.0336,17.93,37.4,18.18,3.21,855.7,114.7,11184.97,-27808.87,1.821
-0.5872,0.3914,-14.257,-12.172,0.0347,23.76,33.9,29.2,3.51,844.9,17.2,-32868.49,-5951.23,1.97
0.3816,-0.0441,16.645,-9.025,0.0278,20.68,71.8,41.63,4.36,844.2,28.3,43772.48,-58983.88,3.256
0.5868,0.6284,14.048,-9.904,0.0385,26.55,44.78,14.94,1.58,906.3,106.4,17002.35,-39121.75,2.307
-0.7189,-0.2099,-8.267,0.7,0.0369,22.56,57.05,32.33,4.49,898.9,74.2,-23836.7,15699.06,1.685
-0.4682,-0.5971,11.619,2.257,0.0309,29.05,25.38,41.24,2.37,844.6,144.8,14746.53,-5240.63,1.605
-0.6445,0.6056,0.66,16.018,0.0253,26.21,60.21,27.2,3.53,958.6,100.1,21652.88,46103.53,2.675
-0.2737,0.088,-1.375,-10.959,0.0266,26.32,45.06,51.85,3.0,879.1,159.4,-15271.41,-24146.84,1.862
-0.0894,-0.5594,-6.68,5.1,0.0328,17.91,50.79,52.23,2.7,833.6,175.2,-13006.09,27536.66,1.663
0.4479,0.3967,2.915,11.421,0.0281,31.72,22.61,28.51,3.44,836.9,30.8,9048.75,10736.95,1.441
0.2721,0.02,8.276,2.169,0.0325,29.15,40.4,58.39,2.39,901.7,74.1,15261.02,-3696.61,1.616
0.2177,0.1878,-3.206,-8.82,0.0376,28.2,46.38,5.0,1.44,957.1,121.4,-17006.12,-14608.72,1.669
-0.2657,-0.0704,4.652,-8.548,0.0359,19.94,43.24,0.7,2.71,900.1,58.5,-1125.23,-25341.82,1.692
0.6146,0.5917,7.175,-16.587,0.0296,23.64,66.06,23.15,2.83,952.9,51.7,-2751.18,-64050.74,3.035
-0.0517,0.5932,7.6,-7.004,0.0319,16.47,64.88,36.27,1.71,882.2,147.4,15756.52,-39267.71,2.043
0.8624,0.3769,-16.129,8.806,0.0373,23.69,69.97,37.94,4.27,881.0,176.6,-39605.34,72715.73,3.16
0.2415,-0.7103,12.951,-16.289,0.0422,16.63,48.72,28.85,1.8,890.0,140.4,3973.31,-71100.66,2.602
-0.6727,0.6099,-1.503,-10.105,0.0401,23.95,70.03,7.93,2.43,917.6,96.6,-28876.97,-29824.72,2.145
0.3171,0.3078,-8.553,7.424,0.0361,25.68,60.27,10.64,1.54,871.5,82.4,-10898.1,36638.19,2.113
-0.3148,0.3546,-9.296,10.175,0.0322,21.02,20.96,51.2,2.88,940.9,99.4,-4268.71,16732.36,1.507
0.3354,-0.2466,-0.611,-1.609,0.0323,22.97,31.92,52.14,2.08,824.1,86.0,-1321.2,-2458.06,1.057
-0.7746,0.6827,13.926,7.131,0.0426,29.76,18.69,40.6,2.71,881.6,93.0,15976.23,-2137.14,1.494
-0.5852,0.4057,-4.379,-4.034,0.0258,15.95,2.29,40.02,1.79,891.5,40.6,-336.19,-165.08,0.988
0.6403,-0.6973,8.99,-12.243,0.0448,28.25,15.16,36.06,1.19,905.0,163.2,95.85,-14762.77,1.357
-0.4911,-0.166,-14.515,-3.667,0.0383,17.07,2.28,12.57,3.73,858.7,137.0,-2185.71,679.67,1.12
0.6067,0.6955,-0.862,2.879,0.0386,14.66,52.39,25.98,3.24,879.8,124.2,3550.92,9052.6,1.205
-0.3973,-0.815,17.701,16.13,0.0258,17.34,31.79,41.91,2.19,887.8,171.2,47305.32,18370.95,2.307
0.2572,0.8305,9.736,-15.525,0.0371,27.77,23.88,32.47,1.17,916.2,54.8,1104.74,-23351.32,1.729
0.3495,0.3225,-10.421,0.266,0.0347,21.29,55.32,1.61,4.03,928.3,19.2,-27231.96,16998.4,1.932
0.0228,0.2365,0.052,-6.159,0.0271,29.71,60.27,57.24,1.59,923.3,149.6,-6665.01,-17865.9,1.558
-0.3504,-0.413,-9.59,0.299,0.0306,23.44,70.27,50.77,4.26,867.8,179.7,-34542.92,21341.6,2.066
-0.5172,-0.4522,-3.256,-17.137,0.0428,14.4,46.94,16.0,2.68,959.9,106.2,-41803.78,-43034.08,2.328
-0.8403,0.7957,10.083,-6.731,0.036,26.9,34.31,37.18,2.19,938.8,15.3,9552.42,-18428.71,1.686
-0.3529,-0.3631,9.764,11.515,0.0333,15.98,23.37,55.43,3.6,856.4,141.6,21619.07,7885.01,1.618
0.2757,0.4959,-9.788,1.942,0.0265,28.21,17.56,6.21,4.07,847.3,17.9,-7034.44,4274.65,1.277
0.7889,-0.1924,15.2,-1.779,0.0393,17.03,16.9,30.43,2.3,864.0,99.5,13962.93,-10858.39,1.42
0.6682,-0.6493,3.332,-7.721,0.0391,20.22,30.64,27.65,2.43,883.3,53.6,-1464.57,-14932.65,1.425
0.4789,-0.8807,-4.323,-7.27,0.0373,27.7,71.43,24.91,2.52,939.1,165.1,-33055.51,-15507.3,2.031
0.5192,0.0797,0.07,-4.208,0.0352,31.18,2.06,50.22,4.23,929.0,84.0,-329.03,-317.72,1.047
0.297,0.8564,3.783,12.081,0.0337,20.69,15.8,23.15,3.42,939.2,162.2,9234.47,8500.6,1.264
-0.4315,-0.2356,2.156,16.82,0.0369,28.93,15.19,4.29,1.87,858.1,57.3,7613.63,10282.07,1.415
0.733,-0.2571,-0.489,-2.208,0.0297,17.43,52.2,4.42,1.65,903.1,72.8,-5238.65,-5111.94,1.258
0.3073,-0.2806,0.178,-3.839,0.0438,28.53,26.67,3.04,1.81,859.7,170.7,-3013.48,-4631.82,1.105
0.1088,0.037,-11.649,12.476,0.0368,25.83,34.01,24.84,1.92,835.3,40.2,-5266.45,30325.28,1.971
-0.7002,-0.1068,11.258,-2.631,0.0312,17.47,12.4,43.25,1.81,915.8,106.2,5881.28,-5462.73,1.23
-0.0953,0.6838,1.503,1.873,0.034,19.45,30.35,12.62,3.3,840.0,73.0,3742.42,1495.7,1.093
-0.0714,0.0099,-13.281,-9.686,0.0411,16.37,9.22,38.96,1.41,913.5,140.5,-10543.47,-342.14,1.332
0.6562,0.014,9.582,8.766,0.0282,20.89,39.31,41.38,2.36,910.7,27.6,27534.5,8371.02,1.853
0.084,-0.6509,15.568,1.152,0.0309,17.67,8.86,15.68,3.19,933.4,81.5,8139.95,-3714.25,1.306
-0.2153,0.8689,16.103,11.125,0.0386,25.59,57.34,36.23,2.02,839.5,127.3,68492.18,3348.14,2.871
0.8582,-0.45,-4.715,10.106,0.0313,31.9,41.66,41.25,1.23,929.7,76.2,789.55,22925.17,1.797
-0.7007,-0.7679,-13.121,-10.26,0.0409,14.22,52.68,28.26,1.29,959.9,15.2,-56616.46,-4005.48,2.434
-0.1394,0.2937,0.662,7.763,0.0276,23.74,31.3,20.53,1.44,939.1,128.4,6153.1,11186.69,1.378
-0.8244,0.1717,-13.946,10.802,0.0403,24.33,28.7,37.34,3.93,925.3,93.1,-9782.14,29041.58,1.864
0.4318,-0.1527,15.624,-5.54,0.0264,30.46,8.87,58.68,3.3,912.7,7.0,4289.83,-4536.48,1.267
0.7525,-0.1401,-11.391,-11.786,0.0253,23.11,38.67,25.9,1.23,879.0,112.2,-32106.66,-14114.64,2.086
-0.3959,0.5131,-8.9,-17.905,0.043,23.79,38.02,23.81,2.37,922.3,166.0,-43592.59,-24097.74,2.286
0.645,-0.5477,-3.361,-1.767,0.0366,22.49,34.77,28.12,1.98,921.4,24.4,-6651.81,920.06,1.153
-0.374,0.5765,-4.206,-5.312,0.032,18.84,53.84,5.03,3.02,908.4,108.4,-20693.48,-9339.71,1.568
0.7394,0.2677,10.608,1.977,0.0297,15.01,60.28,33.41,2.83,931.5,132.5,42435.66,-11916.52,2.126
0.4571,-0.1459,-1.573,-11.231,0.0373,21.36,54.56,20.06,2.68,882.8,17.4,-21855.38,-28767.93,1.933
0.5488,-0.0755,-11.852,12.948,0.0352,14.95,12.07,7.72,2.1,837.0,9.0,-3518.42,13294.69,1.368
-0.8676,-0.438,-8.38,-8.721,0.0448,23.91,45.54,28.24,1.48,898.3,86.2,-33871.31,-5126.41,1.912
0.8331,0.4538,0.328,-9.849,0.0447,19.53,7.62,0.7,3.6,857.1,143.5,-2944.08,-4018.19,1.168
0.408,0.0232,-12.692,-0.694,0.0377,23.6,50.62,24.41,4.08,873.8,33.1,-30637.29,17327.9,2.093
-0.3514,-0.3225,4.02,-0.041,0.0339,16.42,28.73,6.79,4.3,822.4,151.4,7881.02,-4462.96,1.159
0.5929,0.1729,2.367,-10.257,0.0348,30.79,11.27,1.95,1.21,873.6,119.9,-1599.99,-5320.75,1.162
-0.3933,0.8923,7.729,-8.213,0.0386,30.1,62.34,49.56,3.59,933.2,63.1,7775.77,-33452.86,2.146
0.671,-0.1165,15.757,-11.891,0.027,17.42,44.98,55.02,3.54,896.0,95.3,26012.04,-49033.36,2.509
-0.6974,0.7572,14.841,7.865,0.0316,20.18,26.83,12.86,4.31,821.4,174.0,30843.36,982.51,1.636
0.3666,-0.279,16.059,9.723,0.0265,25.04,4.15,32.59,1.89,885.8,42.9,4186.14,861.0,1.138
0.0733,-0.8015,-9.19,-1.356,0.0265,15.72,39.61,17.04,3.6,860.8,92.4,-22204.74,5482.46,1.569
-0.7262,-0.5324,-13.264,7.707,0.0289,20.38,66.63,29.87,1.19,886.9,114.3,-35817.49,50436.72,2.713
-0.4646,-0.1463,-7.118,8.494,0.0347,18.52,43.75,26.48,3.21,876.7,29.2,-6258.12,28816.99,1.825
-0.8777,-0.5047,14.223,-13.022,0.0407,30.48,70.02,16.51,2.23,950.5,12.6,14898.63,-65159.93,3.167
-0.0562,-0.8996,16.994,16.782,0.0347,29.35,11.55,42.17,3.69,825.8,7.4,13646.66,2989.76,1.448
-0.3577,0.747,12.936,11.557,0.0317,24.44,41.78,8.03,4.02,915.7,61.8,37375.76,9229.23,2.216
0.177,0.619,-14.039,-10.639,0.0266,23.37,57.87,3.66,2.28,939.1,17.9,-52830.42,-15176.72,2.703
-0.365,0.4361,16.107,-11.298,0.036,30.75,38.79,46.18,2.84,954.3,145.7,16657.95,-36267.17,2.266
-0.3601,-0.5979,-2.759,-13.476,0.0304,30.78,8.37,40.12,1.41,844.9,179.5,-4288.27,-5745.6,1.131
0.4377,-0.6833,-17.665,-13.018,0.0373,31.45,42.8,30.16,2.46,894.4,15.7,-43491.53,-3819.21,2.512
-0.8133,-0.7783,-2.074,8.934,0.0445,16.26,44.82,28.33,2.26,826.1,80.7,12398.55,26398.61,1.616
0.7252,0.4033,-16.342,-1.092,0.0272,16.89,53.01,30.1,1.64,889.9,9.5,-48562.91,16721.92,2.475
0.6341,0.7719,1.58,10.186,0.0292,26.18,55.28,26.5,4.13,837.6,28.4,14391.94,22596.32,1.944
0.302,-0.125,-5.812,8.865,0.0345,23.75,55.95,23.88,1.52,937.3,61.5,-1815.36,33013.77,1.986
0.1678,-0.6855,-0.956,3.766,0.0444,14.33,48.44,30.23,3.23,835.9,73.9,5106.82,11594.21,1.228
0.7061,0.0223,4.074,6.709,0.0404,15.12,17.11,31.95,4.12,891.9,169.5,9392.3,4595.57,1.222
-0.5664,-0.2721,13.277,-17.339,0.043,29.99,30.3,41.67,4.19,893.0,74.3,1197.7,-37281.78,2.134
-0.7579,-0.2253,5.828,-6.776,0.0317,29.64,56.33,42.82,3.78,956.0,91.8,5360.13,-25343.39,1.747
-0.4689,0.2184,-2.374,4.962,0.0448,20.43,68.74,22.97,1.62,911.7,48.0,4742.6,23012.61,1.603
0.5302,0.3937,11.499,-17.664,0.0271,30.04,7.53,25.11,3.86,860.3,5.0,1266.61,-7016.2,1.186
-0.8376,-0.7009,14.601,-16.813,0.0261,24.69,39.49,22.73,1.97,853.7,162.4,16056.33,-47989.59,2.444
0.1491,-0.8359,-13.689,12.668,0.0421,28.51,23.88,32.42,4.23,838.0,19.3,-5481.72,22467.93,1.697
0.8918,0.8898,1.15,6.625,0.0435,21.69,17.78,27.47,3.48,925.9,173.7,4551.38,5318.0,1.218
0.6403,-0.4811,-7.758,-8.447,0.0268,16.04,37.41,53.43,3.75,916.7,27.9,-23825.3,-10673.08,1.723
0.0386,-0.8031,-16.306,6.767,0.0273,21.81,44.43,41.93,1.3,905.4,110.9,-31373.26,35480.12,2.372
-0.7854,-0.5582,6.068,10.528,0.0257,22.23,2.68,53.97,3.04,825.7,179.9,1778.15,1587.77,1.052
0.5965,-0.8299,13.06,-6.955,0.0271,23.92,56.61,42.69,3.87,926.8,29.2,26725.49,-33603.74,2.413
0.1782,-0.1947,-12.136,-16.703,0.0292,15.9,59.39,58.27,4.02,909.9,79.2,-67045.06,-38143.42,3.016
-0.6931,0.5443,11.247,15.58,0.0444,31.85,69.59,38.33,1.1,954.9,141.6,70105.78,23840.59,3.173
-0.7311,-0.2858,12.722,-5.574,0.0384,18.39,14.65,57.83,4.29,902.2,10.6,6141.41,-9646.92,1.381
0.7373,-0.1005,14.916,-14.167,0.0406,17.57,43.62,9.91,1.15,862.6,125.7,12480.74,-59750.29,2.558
0.3046,0.3161,-8.45,-0.293,0.0405,23.48,31.86,3.62,3.15,873.4,19.1,-11464.24,7265.07,1.484
0.5927,0.016,14.542,9.665,0.0357,23.67,25.44,34.96,3.43,844.6,46.4,24506.76,2960.71,1.747
0.6822,0.6506,-6.456,-10.021,0.0409,21.92,41.59,59.02,1.38,921.2,33.0,-27746.01,-11129.88,1.778
0.1292,0.6589,1.884,-8.298,0.0369,27.89,56.77,25.35,1.17,919.1,163.8,-11404.7,-23597.94,1.862
0.0314,-0.8822,-16.182,-9.262,0.0313,23.3,3.61,13.12,3.75,848.1,36.6,-3783.26,-155.51,1.141
-0.1252,0.5005,-16.42,17.7,0.0362,24.97,69.86,31.53,2.35,842.2,12.1,-19219.99,87022.59,3.5
-0.3295,-0.0707,7.933,-10.893,0.0357,27.03,58.69,39.1,1.37,830.8,107.8,3735.52,-41847.3,2.261
-0.1177,0.8799,-1.999,2.719,0.0415,14.45,54.58,19.25,3.67,947.7,65.6,-1143.36,12332.2,1.35
0.493,-0.0302,-8.773,15.31,0.0446,24.27,55.23,43.03,3.97,852.6,76.0,5809.65,58385.26,2.652
0.1835,0.8764,-11.145,-12.712,0.0332,29.92,29.23,58.52,3.06,868.2,25.8,-20924.26,-9258.42,1.807
0.7065,0.4582,6.118,16.951,0.0403,14.31,54.61,53.87,1.56,859.3,135.9,55635.7,43845.01,2.709
-0.1019,-0.4525,-17.986,16.109,0.027,21.29,29.07,17.85,1.05,877.9,110.3,-18239.8,37454.96,2.19
0.1928,0.0691,11.012,13.845,0.0405,30.67,64.91,19.94,3.45,920.0,68.7,57198.69,17745.09,2.867
0.2364,0.8858,-15.147,-10.276,0.0324,20.36,14.41,22.61,2.93,941.9,35.0,-14875.81,-2071.32,1.434
0.1651,0.6436,-11.106,4.826,0.0258,22.26,22.46,23.98,3.28,845.6,108.9,-10680.02,11498.67,1.406
0.3647,-0.7247,-4.095,9.392,0.0323,31.67,40.59,6.47,3.85,916.1,141.3,960.42,19483.37,1.67
-0.4726,0.3715,-0.545,17.497,0.0372,17.59,24.34,45.84,2.52,869.4,59.7,13272.89,23546.74,1.745
0.0223,-0.278,-5.22,-11.505,0.0274,15.17,31.7,22.24,1.44,957.3,9.5,-18305.82,-15153.89,1.717
-0.7124,-0.8874,-6.454,9.577,0.0435,29.47,36.47,52.85,4.29,861.8,42.5,-83.06,20480.56,1.713
-0.2079,-0.1737,16.701,-5.803,0.0266,29.63,61.94,55.65,2.91,821.0,124.4,40509.63,-37399.58,2.788
-0.0222,-0.4774,5.097,-11.677,0.0436,22.5,38.62,1.95,3.15,892.2,178.1,-6217.11,-32770.84,1.839
0.274,0.574,-17.156,-2.83,0.0391,23.26,27.37,59.32,4.27,841.1,7.3,-24312.11,9985.74,1.829
0.811,-0.2928,-2.514,10.578,0.0316,29.04,19.34,42.75,4.26,826.2,58.6,2679.08,11075.68,1.252
0.1812,0.5895,13.5,-1.265,0.0328,27.29,30.61,31.46,3.0,917.8,15.9,17211.47,-12594.72,1.698
0.4385,-0.8989,-7.148,1.351,0.0398,18.77,38.1,23.68,2.04,922.5,60.4,-11689.02,12703.2,1.452
0.0113,-0.3459,-14.596,17.826,0.037,14.3,54.23,31.35,4.49,884.5,76.0,-13036.6,83915.66,3.13
0.2414,-0.4659,9.302,-3.632,0.0384,22.63,10.47,19.82,3.38,914.8,166.2,3671.86,-5603.47,1.194
-0.7723,-0.4796,3.816,4.154,0.0328,29.46,17.51,37.55,2.43,895.4,19.1,3737.11,702.73,1.189
-0.4421,-0.7773,2.531,-4.851,0.0348,30.13,28.58,6.03,2.96,908.2,141.0,-1583.28,-7402.02,1.237
-0.2487,-0.5632,-16.071,-3.86,0.0448,31.21,27.23,37.46,2.46,903.5,74.2,-22516.32,8930.22,1.75
-0.0495,0.1,-12.942,7.043,0.0293,29.83,29.42,16.88,4.11,913.2,147.0,-13819.72,18136.3,1.77
-0.8178,-0.3756,4.412,15.764,0.0334,24.44,57.55,1.55,2.69,847.9,94.8,35272.96,38775.48,2.567
-0.648,-0.1487,-10.518,1.525,0.0308,22.0,24.69,33.39,3.88,857.6,11.9,-12536.41,7917.28,1.446
-0.4017,-0.2216,0.147,9.662,0.0403,27.95,37.13,34.92,3.94,881.6,170.6,12923.39,15407.35,1.521
0.8488,0.6766,1.616,-14.789,0.0403,27.32,45.67,25.88,3.89,882.5,19.5,-15785.52,-31824.66,2.129
-0.3036,0.7295,-7.794,-10.398,0.0308,23.69,18.25,4.8,3.53,928.4,109.6,-12428.36,-5523.38,1.295
-0.0323,-0.0127,16.143,0.077,0.0266,15.57,52.31,53.65,3.99,871.4,158.6,54947.25,-23553.15,2.382
-0.547,-0.3057,12.329,-17.28,0.0252,30.67,40.3,36.88,2.36,842.8,19.0,7585.56,-38219.52,2.429
0.1994,-0.7078,8.005,-8.897,0.0335,22.2,33.27,7.38,1.4,855.2,101.9,6266.88,-23259.8,1.702
-0.3948,0.8161,-15.192,0.626,0.0332,20.54,58.68,30.9,3.95,850.1,149.3,-49097.72,28009.35,2.437
-0.5274,-0.7916,-14.179,-17.461,0.0448,25.33,19.04,30.09,2.74,922.4,177.6,-26377.46,-7153.65,1.733
0.0298,-0.3642,-0.26,-8.476,0.0344,26.13,63.82,4.09,1.45,885.8,131.8,-15704.39,-27100.49,1.975
-0.8901,-0.3635,-12.214,0.505,0.0301,17.79,41.27,36.61,1.4,919.2,53.7,-28499.88,14029.54,1.809
-0.8862,-0.3233,17.218,2.633,0.0428,29.06,44.64,48.6,1.56,878.3,127.4,39793.29,-19596.66,2.219
-0.5057,-0.6043,-12.293,15.327,0.0348,19.22,63.25,45.07,3.63,944.6,128.5,-13002.0,80340.51,3.086
-0.8339,0.5097,-0.451,5.232,0.037,17.36,59.23,12.58,3.49,957.7,127.5,6745.44,19183.62,1.459
-0.7056,-0.6795,-4.892,-3.07,0.0269,21.32,44.11,51.81,1.71,913.8,154.5,-12824.94,-2264.99,1.384
-0.2901,0.2428,5.018,15.493,0.0327,27.15,54.72,20.88,3.96,940.9,20.3,32106.44,33186.22,2.531
0.5447,-0.6771,-13.355,10.256,0.0439,31.38,32.33,56.82,1.98,891.1,24.0,-7122.58,25288.23,2.001
0.1297,-0.773,-2.509,-10.8,0.0368,28.57,40.32,4.77,3.78,950.8,117.1,-17964.44,-16510.72,1.695
0.0228,0.737,-8.111,-13.29,0.0319,30.93,6.34,29.43,2.71,936.4,171.9,-4254.11,-2036.2,1.128
-0.3717,-0.5578,13.959,6.329,0.0375,16.53,8.29,36.03,3.56,958.8,86.5,8823.78,-954.5,1.19
0.7772,0.5783,-16.539,2.156,0.0432,15.28,60.06,15.24,2.33,907.2,173.1,-54999.31,49306.64,2.642
-0.1854,0.0803,14.894,10.428,0.0305,24.04,6.18,46.4,2.21,929.1,169.2,6702.41,1105.85,1.284
-0.7432,-0.7599,11.988,8.597,0.0351,19.23,13.86,37.8,3.94,896.0,163.0,13006.67,1092.04,1.314
0.2107,0.8198,-7.287,4.508,0.0442,28.9,57.71,1.58,1.12,856.3,164.2,-10806.06,26522.44,1.805
-0.6951,-0.4555,10.414,17.51,0.0284,26.1,2.08,36.7,4.41,869.7,162.2,1886.28,1827.13,1.151
-0.2786,0.6474,-16.876,1.209,0.0394,31.47,21.77,29.74,3.27,945.2,148.5,-15602.09,11058.84,1.643
0.0133,-0.5961,16.807,-13.928,0.0373,18.59,42.88,12.16,2.51,827.8,126.6,19871.18,-58426.07,2.609
0.6736,0.6371,0.957,11.818,0.0386,22.74,43.68,59.75,3.2,902.8,9.3,17786.2,21972.95,1.818
-0.0116,-0.8762,-7.082,-8.933,0.032,23.02,56.4,53.88,1.43,872.1,28.1,-32526.08,-14440.18,2.045
0.3641,0.0212,-4.947,9.983,0.0313,18.31,37.41,17.9,2.8,874.1,28.5,28.15,25028.86,1.643
0.8871,0.485,-15.609,16.456,0.0387,24.62,37.66,32.69,4.45,943.8,9.1,-8698.27,45518.16,2.464
-0.6633,0.7826,17.617,7.085,0.0293,21.98,52.77,19.33,1.82,939.5,25.4,54115.3,-3191.01,2.731
-0.4055,0.7366,-16.585,3.457,0.0334,22.04,36.9,46.64,3.53,903.8,166.0,-29706.0,24801.0,2.012
-0.1898,0.5753,5.577,-1.426,0.0288,20.53,44.59,55.85,2.52,858.2,121.2,11944.81,-9330.5,1.41
-0.1407,0.6987,-2.062,-4.881,0.0252,14.3,64.84,21.85,3.28,886.6,59.6,-15116.0,-12268.1,1.557
-0.1602,-0.5414,16.161,-5.292,0.0444,23.4,30.1,48.43,1.72,877.2,143.8,20403.38,-27621.65,1.776
0.7337,-0.3885,-9.144,4.909,0.0336,20.03,28.96,30.16,2.65,869.5,90.5,-9787.1,16791.4,1.467
0.3853,-0.3799,1.155,9.046,0.0444,14.02,2.25,24.1,4.43,834.4,29.9,1212.47,1265.43,1.073
0.1942,-0.2213,-0.635,6.427,0.0278,19.54,44.94,56.34,1.68,896.0,159.8,7669.77,18106.85,1.44
-0.3431,-0.192,7.303,-10.857,0.0367,19.02,4.08,30.87,3.23,862.3,64.3,99.55,-3202.16,1.094
0.5828,0.0802,-15.552,-0.216,0.029,21.08,37.29,28.31,3.01,912.5,127.3,-31553.44,15437.19,1.901
0.8191,-0.6122,-11.024,10.499,0.0408,16.37,58.3,40.51,2.98,864.7,55.9,-13664.61,56016.56,2.472
0.5782,0.3442,-10.276,-0.875,0.0407,23.14,40.49,16.04,3.15,880.4,92.5,-22772.72,11540.27,1.668
-0.8972,-0.5984,8.573,1.318,0.0273,26.46,20.87,19.83,2.76,827.3,147.8,9359.32,-2083.06,1.241
0.2455,-0.3414,-11.191,9.761,0.0432,25.34,57.03,55.96,1.06,959.0,32.4,-12610.22,46198.13,2.451
-0.808,0.006,2.646,5.806,0.0289,28.47,20.88,40.87,4.15,891.1,176.0,4831.26,4430.23,1.264
-0.4363,0.5336,-10.251,-3.264,0.0373,22.14,53.31,49.68,3.89,823.4,17.3,-30337.49,4928.7,1.907
-0.7929,0.431,13.018,14.235,0.0447,23.34,44.72,16.63,1.61,895.8,98.5,52384.21,10283.14,2.427
0.1868,0.262,15.919,-12.148,0.0426,28.59,13.9,32.86,2.45,941.8,165.3,5511.94,-16445.94,1.466
0.3359,-0.6196,0.666,17.839,0.0441,21.7,65.36,58.3,3.7,928.2,170.5,49236.04,63366.8,2.854
-0.6939,0.0847,-5.317,-13.721,0.0319,26.63,16.05,19.46,4.43,918.1,45.6,-7949.24,-8184.82,1.324
-0.2091,-0.7426,-9.574,-17.462,0.0271,21.82,71.27,10.05,4.33,839.5,30.2,-60539.59,-48698.01,3.43
-0.0788,-0.2207,-16.208,14.041,0.0288,21.52,2.51,30.9,4.15,912.1,131.8,-1098.44,3606.64,1.037
-0.2357,-0.1557,-8.334,-9.182,0.035,27.68,20.44,23.58,1.55,927.3,12.3,-11561.78,-3155.21,1.485
-0.6822,-0.8283,5.552,8.269,0.0409,17.15,15.99,9.99,4.2,900.1,89.9,9961.09,4555.14,1.198
-0.1459,-0.4068,1.21,11.197,0.028,20.09,2.98,53.37,4.07,945.0,144.4,1351.55,2349.07,1.089
0.4521,0.8202,15.985,12.924,0.0382,18.04,53.27,59.45,2.32,858.8,103.0,72556.81,10145.87,2.809
-0.7722,0.8165,-3.734,17.697,0.0315,20.46,50.54,34.33,2.38,853.9,37.9,13654.31,50113.05,2.515
-0.7557,-0.2658,6.979,-7.415,0.0318,18.15,57.46,46.59,2.61,941.7,90.2,10017.19,-35750.7,2.068
-0.2614,-0.8224,-0.384,7.569,0.0382,24.43,19.97,51.61,3.3,907.6,166.2,4934.58,8589.44,1.19
0.7951,-0.5776,0.453,-13.846,0.0343,28.37,33.1,42.21,1.91,820.2,113.0,-11841.12,-23682.43,1.794
0.3034,-0.194,-8.36,-3.355,0.0412,28.16,48.14,3.13,1.08,869.4,131.3,-24549.96,5337.57,1.75
0.3216,0.806,-1.622,12.527,0.0281,20.56,32.78,9.88,1.49,940.1,63.8,8151.38,20833.88,1.858
-0.2485,-0.6458,-1.052,-4.764,0.0408,31.8,50.81,4.72,2.54,823.8,38.0,-6453.49,-7532.56,1.359
0.1686,0.4743,7.439,3.279,0.0263,24.69,46.38,1.09,1.99,820.5,49.7,18220.04,1005.68,1.597
-0.8818,-0.7044,15.863,0.136,0.0289,21.19,10.03,18.71,3.68,859.4,98.3,8250.13,-3728.85,1.306
0.245,0.8663,-6.144,5.254,0.0381,29.04,56.67,23.85,1.37,948.0,54.0,-5323.02,22940.28,1.754
0.7439,-0.2131,-16.481,17.024,0.0421,27.14,52.45,14.84,4.21,946.2,99.8,-11589.2,72527.99,3.048
0.2026,0.4954,-0.133,-15.994,0.0301,27.49,47.91,4.34,4.13,892.6,128.9,-17694.08,-37625.16,2.325
0.6727,-0.2833,1.601,2.663,0.0315,17.53,12.86,32.03,4.18,897.5,133.5,2594.98,2731.41,1.053
0.4032,0.2298,-11.936,13.069,0.0357,22.43,20.76,16.76,3.59,866.5,33.8,-4664.78,20453.86,1.568
-0.683,-0.5544,9.377,-0.67,0.0292,29.51,29.52,47.86,1.37,854.1,136.3,12673.26,-6298.48,1.499
0.7244,-0.6372,17.457,-15.173,0.0412,23.07,21.6,0.98,2.53,934.1,122.7,8489.68,-30751.33,1.851
-0.7804,0.7885,16.048,2.179,0.0405,26.3,17.95,50.63,1.46,834.9,7.1,13183.23,-5557.2,1.469
0.0611,0.7518,-10.904,-6.045,0.0279,24.58,58.38,57.31,4.46,888.2,15.3,-36370.99,-1899.3,2.195
-0.6442,0.6974,13.513,-12.422,0.0343,29.16,46.68,43.11,2.17,908.8,118.1,15894.98,-41938.78,2.382
-0.8789,0.2258,7.362,12.565,0.0405,19.12,41.58,44.15,3.05,834.5,72.1,34312.68,17060.23,2.046
-0.1403,0.5549,-1.662,0.778,0.0317,24.36,17.82,56.05,3.73,892.7,30.6,-826.12,505.93,1.036
-0.3689,-0.7757,1.462,15.598,0.0377,16.22,66.27,12.94,4.22,900.9,12.8,39186.65,52686.59,2.692
-0.0252,-0.2974,12.586,11.017,0.026,26.42,15.38,59.68,3.64,923.9,32.9,11949.52,3122.82,1.365
0.139,-0.3353,-0.715,6.947,0.0372,27.18,57.65,46.52,3.36,852.9,172.6,11015.3,20325.42,1.691
-0.8213,0.2442,-4.565,-17.819,0.0281,14.77,69.67,43.73,2.63,861.1,132.3,-54513.98,-67536.68,3.11
-0.6786,-0.2593,-0.243,-2.598,0.0416,26.16,52.9,21.98,3.12,899.7,97.3,-3573.77,-2955.2,1.129
0.1056,-0.6327,2.849,-10.89,0.0321,21.46,71.5,32.97,1.33,957.6,169.8,-10536.87,-48803.87,2.281
-0.2823,0.1736,-11.193,14.789,0.0306,16.23,47.57,39.41,4.09,850.4,113.3,-12141.47,57096.27,2.459
0.4125,0.5659,14.433,-11.715,0.0418,21.56,17.22,37.41,2.9,958.0,132.0,7074.45,-20034.03,1.523
0.2741,-0.2122,6.271,-7.702,0.026,17.5,16.27,42.45,1.14,920.0,54.5,2757.52,-9923.46,1.257
0.6221,-0.6619,4.798,0.606,0.0329,21.48,24.72,5.4,4.22,935.7,108.1,5812.53,-2544.45,1.18
0.3465,-0.546,-14.418,-8.519,0.0324,20.92,2.5,21.66,2.71,832.5,30.1,-2116.52,-105.66,0.996
-0.1261,-0.4725,3.75,-10.445,0.0307,27.29,49.72,26.32,4.04,862.1,75.8,-2831.8,-29192.96,1.876
0.3113,-0.3602,-13.645,3.568,0.0432,27.94,20.81,16.01,4.0,828.1,10.8,-10922.44,10777.8,1.548
-0.4043,0.257,-15.167,-14.799,0.04,24.93,59.06,10.77,3.86,872.0,42.9,-69277.76,-14429.41,3.138
-0.3486,0.1817,0.983,-15.906,0.0263,14.41,27.14,8.77,1.21,957.4,18.1,-8462.97,-24978.04,1.75
0.5202,0.3529,-3.5,-4.599,0.0393,30.76,35.6,22.3,1.86,834.7,72.9,-11425.28,-3615.04,1.367
-0.0964,-0.2475,3.197,7.944,0.0355,26.35,69.6,29.86,4.06,898.7,152.5,27166.58,19396.17,2.039
0.5371,0.5832,-14.788,1.973,0.043,14.62,18.95,4.25,4.15,820.8,71.1,-14378.38,13590.87,1.415
0.5804,-0.5326,-2.485,-2.776,0.0313,28.74,52.49,56.81,2.6,919.8,150.5,-10722.77,-2784.21,1.328
0.6436,-0.0557,-11.708,2.367,0.0365,17.6,54.86,46.03,2.54,847.6,119.9,-31657.84,29192.27,2.036
0.7499,0.5417,17.536,-4.844,0.035,24.43,17.47,43.99,1.61,838.1,94.2,12972.6,-13230.03,1.475
-0.1242,-0.5757,2.201,15.701,0.0348,22.4,37.07,10.79,4.39,867.2,46.5,19154.1,27141.67,1.998
-0.326,-0.7022,6.748,-16.023,0.0341,21.56,26.51,36.43,1.75,927.9,166.4,-2317.29,-29519.12,1.816
0.148,0.6906,-6.285,6.242,0.0291,30.01,56.03,32.02,1.67,834.9,14.5,-6490.17,19523.11,1.818
-0.2319,-0.2827,-14.589,14.086,0.0401,21.87,45.57,58.96,3.31,852.2,125.6,-13625.93,58593.99,2.623
0.1819,0.331,17.131,10.94,0.034,15.36,35.32,44.99,1.85,821.2,113.7,48522.39,3719.62,2.207
0.3701,-0.8544,-7.695,-11.375,0.0442,31.04,56.56,34.76,4.29,955.6,82.2,-37400.45,-13950.46,2.256
0.3391,0.3421,-2.743,-7.347,0.0302,30.57,18.46,51.12,1.04,902.9,47.1,-4974.11,-5511.12,1.187
-0.2258,-0.331,5.395,7.814,0.0387,26.32,54.75,9.73,1.02,920.8,80.4,24128.84,10114.31,1.917
-0.5997,-0.7997,-17.111,-14.966,0.0438,22.42,62.58,1.41,2.77,911.2,157.7,-93849.15,-7107.02,3.377
-0.125,0.1977,11.169,11.227,0.0383,15.67,63.5,41.57,2.71,840.2,151.4,68551.55,14655.64,2.71
-0.6433,-0.4666,1.317,7.881,0.0424,28.23,56.86,6.35,1.57,903.3,169.7,18410.22,18432.86,1.624
0.7022,-0.2037,-7.984,8.266,0.0415,15.36,30.56,7.37,2.73,838.4,58.9,-2676.05,23215.29,1.598
-0.2774,-0.755,-15.782,-14.391,0.0322,15.23,70.73,44.81,2.44,876.2,72.7,-95448.79,-25474.09,3.492
-0.622,-0.6351,-12.15,7.839,0.037,23.67,28.57,16.6,4.12,899.7,8.3,-9841.69,18833.05,1.619
-0.8542,-0.3636,14.221,6.473,0.0281,16.88,46.7,37.9,1.03,898.2,170.0,49399.61,444.55,2.213
0.2625,-0.7384,6.697,11.913,0.0357,14.14,13.28,55.09,4.42,836.7,62.6,10679.68,5216.89,1.357
0.2464,0.7395,-9.004,-16.503,0.0296,21.62,70.63,19.33,3.19,824.8,75.7,-63237.48,-45254.11,3.326
-0.2869,-0.8891,-15.638,-17.168,0.0399,16.47,51.28,13.42,1.53,931.8,163.9,-82898.04,-22788.36,2.997
-0.7709,-0.0291,6.862,-4.572,0.0356,16.89,54.74,6.84,1.16,921.6,97.2,12535.46,-27031.64,1.717
-0.1627,-0.6782,2.607,-12.644,0.0332,15.38,6.6,8.26,2.88,831.5,104.1,-1518.62,-5101.14,1.104
-0.3398,-0.3462,-3.437,2.102,0.0304,17.69,55.44,4.2,1.82,837.8,35.8,-6128.01,10538.93,1.42
0.3188,0.7669,-4.91,15.025,0.045,26.88,56.23,5.71,2.05,945.0,92.3,19146.84,49545.25,2.432
0.1904,-0.6089,-10.195,-3.907,0.0264,28.56,49.02,26.2,1.86,927.7,165.7,-29894.45,1621.45,1.923
-0.2437,0.8385,6.106,12.418,0.0259,22.15,22.43,19.59,3.28,959.5,102.8,14046.84,12661.07,1.532
-0.5078,-0.5296,16.944,-17.991,0.0293,23.12,36.28,42.54,2.94,855.6,49.6,16639.66,-47993.55,2.503
0.8785,0.4348,-11.674,-11.933,0.0444,14.59,9.73,52.28,1.27,888.3,10.5,-10535.2,-1394.04,1.192
-0.0828,0.084,3.496,-16.905,0.0446,15.25,35.01,47.19,2.84,853.1,63.9,-17963.16,-38298.49,1.989
0.3389,0.6921,-2.729,-6.187,0.0381,18.64,19.07,32.07,3.77,907.2,105.2,-5709.44,-4707.43,1.142
-0.647,0.0972,-1.919,14.695,0.0426,23.79,26.44,6.6,1.28,836.2,12.5,8445.67,18611.17,1.624
-0.0259,0.0622,-8.851,-14.51,0.0293,27.31,13.38,42.73,4.11,837.8,111.7,-10540.1,-6420.68,1.425
-0.8504,-0.5482,11.705,3.831,0.0444,24.89,18.1,22.09,3.02,830.1,96.6,13442.74,-4774.19,1.433
0.0098,-0.6008,-0.531,-1.746,0.0279,21.06,7.36,5.6,4.33,917.1,142.1,-665.95,-337.83,1.033
0.8352,0.7497,1.563,15.785,0.027,16.13,66.39,50.63,1.52,889.2,10.1,32133.51,56979.54,2.727
-0.2084,-0.3099,-7.029,-13.589,0.0272,28.05,39.13,20.62,4.48,906.5,141.6,-26376.83,-19419.51,2.077
-0.8298,-0.2303,-11.455,-10.367,0.0365,20.55,29.77,13.49,3.25,943.1,96.2,-28860.5,-4598.67,1.737
-0.8443,0.4677,-14.907,-16.936,0.0406,27.25,39.45,52.35,2.99,923.6,69.8,-47826.94,-13695.61,2.427
-0.2016,-0.2901,7.708,-2.378,0.0323,23.23,45.98,54.18,2.8,884.6,173.9,16105.3,-15140.58,1.653
-0.612,0.8137,-10.936,-7.998,0.0446,27.3,66.53,20.67,1.08,957.8,33.0,-48847.51,-1280.7,2.525
-0.858,0.4283,6.843,13.317,0.0337,30.33,14.51,21.61,4.29,883.9,99.7,8849.42,6091.8,1.335
0.4612,0.1754,-3.946,3.778,0.028,30.58,22.69,34.99,3.25,835.7,61.2,-973.95,6456.07,1.212
-0.0747,0.6856,-3.032,4.107,0.0343,23.63,70.31,44.14,1.32,959.0,97.3,-138.84,18995.31,1.62
-0.3794,-0.8107,-1.11,1.149,0.0386,23.21,27.98,4.26,1.07,823.2,101.6,-717.22,3341.43,1.085
0.7201,-0.4373,-4.762,-14.693,0.0416,18.78,3.58,35.8,1.18,897.0,20.7,-3184.32,-1807.39,1.115
-0.6909,-0.0629,-14.378,-1.979,0.0342,30.84,12.34,57.19,3.13,863.3,120.7,-9743.99,3882.7,1.273
0.8207,-0.4914,-6.853,17.982,0.0369,22.24,3.84,16.09,3.15,890.5,116.0,849.12,4125.5,1.15
-0.3349,0.439,5.894,12.068,0.0303,16.3,71.29,54.58,2.75,898.2,139.7,50986.08,39733.91,2.597
0.6991,0.7546,5.968,14.165,0.0379,21.79,21.52,57.04,2.07,853.6,20.9,15422.71,10879.74,1.528
0.1853,-0.1372,-7.696,11.636,0.0447,16.29,66.65,16.51,2.86,898.0,57.0,3115.14,64263.9,2.537
0.5881,-0.2842,-1.436,-14.29,0.026,23.05,71.71,45.38,2.81,925.8,118.8,-28951.94,-54100.55,2.712
0.8712,0.8308,-11.036,-9.812,0.0427,24.1,43.99,14.71,1.07,857.3,28.9,-35933.3,-3892.65,2.01
-0.3809,-0.0993,-10.427,-17.888,0.0362,20.08,4.32,44.39,1.99,873.7,123.6,-4483.14,-2769.97,1.117
0.83,-0.0197,-17.17,-7.074,0.03,15.29,7.71,47.95,1.19,857.6,15.3,-9711.89,-341.7,1.242
-0.1989,-0.267,14.283,-14.09,0.0441,30.98,35.71,15.21,4.15,934.9,63.6,6186.37,-37325.78,2.127
-0.2061,0.7372,-10.415,-0.979,0.0347,27.92,30.43,43.09,3.54,921.5,153.2,-16990.78,5797.04,1.5
-0.2873,0.1241,-9.809,6.377,0.0316,29.1,44.43,48.82,4.49,942.0,140.5,-15233.69,23306.98,1.986
0.0745,0.4719,-7.934,13.482,0.0286,20.6,32.72,21.84,2.06,843.8,117.8,-4165.85,31329.15,1.797
-0.6225,0.5613,-13.413,8.972,0.0299,27.69,67.39,10.48,4.07,830.3,157.3,-30454.42,52339.78,2.793
0.0967,-0.2847,5.013,15.789,0.0417,22.74,39.43,5.97,3.11,836.7,129.1,32991.34,25842.83,2.047
0.0751,-0.1194,-15.295,-16.06,0.0373,17.62,50.56,34.74,2.59,842.5,95.9,-69668.88,-20830.18,2.863
0.4714,0.6272,-13.169,-17.562,0.0433,16.24,64.75,58.7,1.78,894.6,176.5,-100635.03,-31464.58,3.328
0.6006,-0.2461,5.211,5.808,0.0296,20.21,12.28,49.47,3.58,955.9,126.6,4404.22,2132.98,1.148
-0.1072,0.5291,-5.772,-7.583,0.0274,16.48,18.08,26.43,4.16,870.0,110.2,-9656.47,-5161.41,1.251
-0.3558,0.7938,7.486,-8.874,0.0251,31.97,9.51,32.43,1.82,954.2,76.6,925.63,-4343.97,1.237
-0.4332,0.2218,2.067,-6.088,0.0352,14.89,11.77,17.13,1.61,825.3,162.9,-1706.29,-5587.29,1.13
-0.5497,0.4349,-8.783,-8.287,0.045,21.94,37.88,10.2,3.44,949.8,56.7,-27276.62,-3002.63,1.712
-0.7962,0.5492,5.43,0.412,0.0389,22.14,24.48,29.18,4.42,845.4,6.6,6406.32,-3235.41,1.264
-0.2836,0.6211,-13.814,-2.155,0.0312,19.41,31.62,28.08,3.62,947.7,39.4,-24052.6,7414.71,1.689
-0.4136,-0.1889,1.311,0.447,0.0425,24.28,70.77,31.55,2.0,827.9,24.2,4377.6,-854.22,1.085
0.8396,-0.8077,-2.263,6.218,0.0406,16.7,12.97,57.19,2.47,952.8,60.8,1825.51,5549.1,1.143
0.1039,-0.1766,-8.357,-4.063,0.0253,28.11,39.86,36.43,2.35,848.1,149.5,-19813.54,-1291.58,1.713
-0.2749,0.3128,3.744,-8.953,0.0413,19.98,8.92,36.54,3.98,862.4,119.0,-658.98,-5544.01,1.053
0.1448,-0.0894,13.368,-12.017,0.031,24.64,24.29,8.12,3.7,888.7,34.6,8807.24,-21089.75,1.661
-0.6494,0.4481,17.961,-5.419,0.028,26.88,38.93,59.79,3.06,873.3,143.0,30527.01,-25718.7,2.255
-0.1007,-0.2574,3.879,8.705,0.0295,30.0,68.26,46.48,1.96,913.5,93.2,24564.12,20586.21,2.052
0.2272,0.2425,-3.431,9.241,0.0344,29.04,29.39,52.69,4.28,956.5,94.7,2356.98,15590.25,1.513
-0.02,-0.5644,-9.893,6.009,0.0335,24.95,6.54,25.15,3.29,904.9,68.4,-1449.8,3814.44,1.084
-0.1768,0.4489,-8.745,-9.575,0.0308,20.99,29.17,30.38,4.4,921.0,156.3,-21831.25,-9981.04,1.638
0.8889,0.0823,-0.74,3.171,0.0284,23.06,12.2,31.56,3.03,832.3,60.7,465.18,1248.96,1.153
0.6846,-0.5327,-4.778,2.545,0.0402,27.84,18.1,12.05,3.87,907.9,21.5,-2350.2,5050.76,1.104
0.2221,-0.3746,14.897,-0.566,0.0448,29.8,45.27,41.52,3.85,883.5,58.0,28666.66,-22414.1,2.176
0.1249,0.4475,-4.741,1.799,0.0406,15.87,6.72,54.23,2.18,944.0,130.2,-1013.05,1972.04,1.091
0.2172,-0.0313,-4.556,-0.296,0.0309,20.93,34.53,10.24,4.37,874.3,120.1,-8542.1,4748.96,1.188
-0.5376,-0.5111,-4.193,2.356,0.0299,27.97,44.66,5.64,1.08,915.1,37.9,-6694.45,8334.77,1.386
-0.1888,0.8411,12.118,7.758,0.0294,21.77,31.53,44.42,3.69,851.9,24.6,23824.21,3234.46,1.76
-0.829,0.3872,5.428,-14.053,0.0277,19.98,3.34,16.76,4.38,856.3,120.7,-198.34,-3306.81,1.088
-0.044,0.8228,4.11,8.987,0.036,21.4,70.99,37.62,2.19,872.7,123.4,37140.34,24950.75,2.186
0.0774,-0.1312,-5.971,-13.108,0.0371,24.85,27.7,41.9,3.27,862.6,69.1,-18645.63,-12181.33,1.647
-0.4901,-0.0448,11.445,-15.601,0.0391,32.0,56.5,19.65,2.97,855.5,152.5,3417.14,-59384.38,2.826
0.8353,0.7163,-16.619,17.139,0.0386,22.87,24.8,49.0,3.67,827.0,176.2,-9512.9,36972.05,1.999
0.737,0.0451,13.349,16.452,0.0308,17.75,35.25,33.22,4.03,937.1,41.0,42427.78,21334.15,2.282
0.3999,0.3731,0.459,-15.824,0.0316,16.93,29.19,52.21,3.11,829.0,106.0,-12287.21,-27143.62,1.694
0.0601,-0.4461,-3.663,-2.043,0.0386,14.76,25.98,45.92,3.86,944.2,5.9,-6003.85,48.41,1.246
0.6659,-0.0959,-0.102,-11.295,0.032,24.06,3.53,52.18,2.09,837.6,129.8,-815.26,-1839.89,1.009
-0.6648,-0.6778,6.027,-0.528,0.0293,23.8,27.2,1.7,1.8,829.1,77.5,7333.92,-4568.47,1.312
0.5229,-0.5292,-17.54,11.886,0.0325,17.69,64.26,14.99,2.51,898.8,38.8,-39556.15,71761.78,3.273
-0.6753,-0.8983,13.376,16.222,0.0304,26.52,50.33,5.86,3.37,890.3,136.6,55728.33,25388.29,2.7
0.5296,-0.8293,-1.917,4.833,0.0268,27.34,12.18,26.8,1.66,888.8,146.9,251.69,2837.52,1.132
-0.4036,0.8591,-5.653,-5.259,0.0416,18.66,43.38,53.45,3.38,900.4,24.5,-19518.23,-1168.58,1.511
0.6788,-0.4638,-13.023,3.72,0.0421,20.19,64.46,28.32,2.38,860.2,12.2,-32052.31,40871.25,2.508
0.7993,0.294,-2.179,-6.768,0.0294,31.83,51.0,51.06,3.78,912.8,63.5,-10593.62,-11988.15,1.569
-0.6322,0.6104,-0.132,14.754,0.0263,20.74,12.41,19.97,1.13,890.3,114.5,4056.83,10153.56,1.23
-0.0672,0.0912,-3.469,13.334,0.0398,27.69,62.75,20.7,3.34,866.9,143.8,15803.1,48539.96,2.518
0.8658,-0.6243,6.432,2.096,0.0292,22.15,23.11,53.79,3.27,935.7,100.6,9250.07,-1089.82,1.27
-0.0299,0.4106,-2.848,-6.307,0.0329,28.28,33.79,25.84,4.29,921.9,106.6,-8952.03,-5343.38,1.433
0.6544,0.1805,16.611,-7.438,0.0263,27.84,38.83,47.49,3.5,875.1,145.0,27349.18,-26813.74,2.135
0.1597,0.4163,3.574,-16.797,0.0295,26.02,61.54,14.58,3.79,938.7,97.5,-12457.54,-55334.64,2.667
-0.2244,0.4855,11.069,11.37,0.0409,29.39,67.21,56.95,4.17,948.8,112.0,57954.06,11134.32,2.861
-0.3856,0.8557,-14.063,-1.786,0.0411,30.91,67.08,34.69,3.36,895.2,95.3,-44897.7,22108.53,2.584
-0.5342,0.1324,-3.698,-6.295,0.0291,24.44,2.56,45.68,2.02,850.1,159.1,-1024.23,-474.91,1.056
0.4712,-0.285,-5.873,-1.04,0.0317,18.27,66.53,5.83,4.04,948.2,46.2,-20796.79,6151.86,1.694
-0.2042,0.2672,2.501,11.475,0.0277,21.18,5.81,29.81,3.62,846.5,51.2,2047.49,3528.98,1.097
0.0203,-0.7768,13.0,-13.514,0.0265,27.65,20.6,54.11,2.49,826.8,27.4,6738.29,-18115.43,1.655
-0.0138,0.7153,-15.18,12.876,0.0448,25.72,38.05,52.68,3.49,865.8,148.4,-9848.78,45649.72,2.342
0.1391,-0.6851,-15.387,14.31,0.0381,17.2,35.59,3.29,4.04,921.8,77.1,-12060.67,46782.95,2.245
0.658,-0.3099,12.611,16.081,0.0358,14.92,44.33,18.57,4.41,949.3,65.9,56237.01,23333.1,2.557
0.8653,0.5683,-10.337,-3.69,0.0403,26.29,35.56,26.88,4.33,909.2,176.7,-23331.8,5061.45,1.551
-0.1663,0.1752,6.075,-10.183,0.0418,18.52,67.41,10.75,2.14,953.3,167.2,-3865.46,-57824.01,2.388
